ID,age,country,gender_identity,transgender,sexual_orientation,race,frequency,actively_seek_out,discussion,type,drama_name,comedy_name,documentary_name,romance_name,action_name,scifi_name,reality_name,other_name,authenticity_q1,authenticity_q2,authenticity_q3,authenticity_q4,stereotype_q1,stereotype_q2,stereotype_q3,intersectionality_q1,intersectionality_q2,intersectionality_q3,intersectionality_q4,individual_q1,individual_q2,individual_q3,individual_q4,individual_q5,individual_q6,individual_q7,group_q1,group_q2,group_q3,group_q4,group_q5,group_q6,psychological_q1,psychological_q2,psychological_q3,psychological_q4,psychological_q5,psychological_q6,psychological_q7,psychological_q8
1,23,Canada,"Nonbinary, genderfluid, two-spirit, or gender non-conforming",0,Gay or Lesbian,White,A few times per month,Rarely,Rarely,"Action/Adventure,Others, please specify:",NA,NA,NA,NA,Jujutsu Kaisen,NA,NA,A Horror Film Called Saint Maude Featured Two Sapphic Women In The Cast,3,4,3,4,4,4,4,5,3,2,3,2,2,4,4,4,3,3,5,5,5,3,5,5,4,3,3,4,4,3,3,3
2,26,Canada,Man,0,Bisexual,White,A few times per year,Rarely,Rarely,"Dramas,Comedies,Action/Adventure,Science Fiction/Fantasy",NA,NA,NA,NA,NA,NA,NA,NA,3,3,4,3,4,4,5,4,3,3,3,2,2,4,2,2,3,2,2,2,2,2,4,4,2,2,2,2,2,2,2,2
3,26,Canada,Woman,0,Bisexual,Asian,A few times per year,Never,Never,"Action/Adventure,Reality TV",NA,NA,NA,NA,Arcane,NA,Queer Eye,NA,2,2,2,1,6,6,6,1,1,1,1,1,1,5,1,1,1,1,1,1,1,1,2,4,2,2,2,2,2,2,2,2
4,30,Canada,Woman,0,Bisexual,White,A few times per month,Rarely,Never,"Dramas,Comedies,Documentaries,Romance,Reality TV",Orange Is The New Black,I Love You Phillip Morris,NA,NA,NA,NA,"Rupauls Drag Race, Queer Eye",NA,4,4,4,4,4,4,4,5,4,5,5,3,3,3,3,2,2,2,2,2,2,2,3,2,4,2,2,2,2,3,5,3
5,31,Canada,Woman,0,Gay or Lesbian,White,A few times per week,Often,Never,"Dramas,Comedies,Documentaries,Romance,Reality TV",NA,NA,NA,NA,NA,NA,NA,NA,4,4,4,3,5,5,5,3,3,4,5,4,3,5,5,5,5,5,5,5,4,5,5,6,6,5,5,5,5,5,5,5
6,31,Canada,"Nonbinary, genderfluid, two-spirit, or gender non-conforming",1,Asexual,American Indian or Alaska Native,A few times per year,Never,Rarely,"Dramas,Science Fiction/Fantasy,Reality TV",Grey's Anatomy,NA,NA,NA,NA,She-Ra,Queer Eye,NA,5,4,5,4,4,4,5,5,4,4,6,5,6,6,5,5,6,4,3,5,4,5,5,6,4,2,2,2,5,2,4,6
7,33,Canada,Woman,0,Bisexual,White,A few times per year,Sometimes,Rarely,"Comedies,Science Fiction/Fantasy",NA,Inside Out Universe Stuff,NA,NA,NA,His Dark Materials,NA,NA,4,4,4,3,3,3,4,3,2,2,2,3,3,4,4,2,4,2,4,4,3,4,4,4,4,3,4,3,3,4,3,4
8,40,Canada,Man,0,Gay or Lesbian,White,A few times per month,Often,Rarely,"Action/Adventure,Reality TV",NA,NA,NA,NA,Prime Suspect,NA,Traitors,NA,4,4,2,3,5,5,5,5,4,5,5,6,6,6,6,6,3,6,6,6,6,6,6,6,5,6,3,5,5,5,5,5
9,42,Canada,Woman,0,Gay or Lesbian,Asian,A few times per year,Sometimes,Rarely,"Comedies,Romance,Action/Adventure",NA,NA,NA,NA,NA,NA,NA,NA,3,4,4,4,5,5,5,3,3,3,3,3,3,3,4,4,4,4,3,3,3,3,3,3,3,3,3,3,3,3,3,3
10,25,Czech Republic,Man,0,Asexual,White,A few times per week,Often,Rarely,"Comedies,Science Fiction/Fantasy,Reality TV",NA,NA,NA,NA,NA,"Shera, The Owl House","Youtube - Tryguys, Others",NA,4,3,5,4,4,3,2,4,4,3,3,5,5,5,5,3,4,4,5,5,5,5,5,4,5,4,3,5,5,5,5,5
11,26,Czech Republic,"Nonbinary, genderfluid, two-spirit, or gender non-conforming",1,Pansexual,White,A few times per year,Sometimes,Often,"Dramas,Romance",NA,NA,NA,NA,NA,NA,NA,NA,2,2,4,5,4,4,5,5,4,4,4,4,3,5,5,4,4,3,4,4,4,4,4,3,4,4,4,4,4,2,4,3
12,26,France,Man,0,Bisexual,White,A few times per week,Rarely,Rarely,"Dramas,Comedies,Documentaries","Queer, Moonlight","Modern Family, Rocky Horror Picture Show","Portait Of Jackson Films By Barbara Hammer, Su Friedrich..",NA,NA,NA,NA,NA,2,2,2,2,5,5,5,6,5,5,5,2,3,3,2,3,2,3,2,2,2,3,2,2,3,2,5,4,5,4,4,5
14,22,Germany,Woman,0,Bisexual,White,A few times per week,Sometimes,Sometimes,"Comedies,Documentaries,Romance,Action/Adventure",NA,The Half Of It,Stand Out,The L Word,NA,NA,NA,NA,6,6,6,6,4,4,4,6,5,4,5,6,6,6,6,5,4,3,6,5,5,6,6,6,5,5,5,6,4,4,5,5
15,25,Germany,Man,0,Bisexual,White,A few times per year,Rarely,Never,"Documentaries,Science Fiction/Fantasy",NA,NA,NA,NA,NA,NA,NA,NA,3,4,4,5,4,4,5,4,4,4,4,4,5,5,5,4,5,5,5,5,5,5,5,5,5,4,4,5,4,4,4,4
16,25,Germany,Man,0,Gay or Lesbian,Not specified,A few times per month,Rarely,Never,"Dramas,Comedies,Romance",NA,Modern Family,NA,NA,NA,NA,NA,NA,4,3,4,3,5,4,6,4,3,3,3,3,2,4,3,3,3,2,3,4,3,3,3,3,4,3,3,3,3,2,2,2
17,25,Germany,Man,1,Bisexual,White,A few times per week,Often,Sometimes,"Dramas,Comedies,Romance,Action/Adventure,Science Fiction/Fantasy",Boys Dont Cry,Smiley,NA,"Heartstopper, Royal Blue",Owl House,Black Mirror,NA,NA,6,6,6,6,2,2,4,4,6,5,5,4,5,6,6,6,5,5,5,6,6,6,6,5,6,6,5,5,6,6,5,6
18,26,Germany,Man,0,Bisexual,White,A few times per week,Rarely,Rarely,"Dramas,Comedies",NA,NA,NA,NA,NA,NA,NA,NA,1,2,1,1,4,4,4,4,1,1,1,1,1,2,2,4,2,2,1,4,1,2,2,2,1,1,1,1,2,2,1,2
19,31,Germany,Man,0,Gay or Lesbian,Asian,A few times per month,Sometimes,Rarely,"Dramas,Comedies,Romance,Action/Adventure,Science Fiction/Fantasy",Looking,NA,NA,Heartstopper,NA,NA,NA,NA,3,3,2,4,4,4,4,3,2,2,3,3,4,4,4,4,4,4,4,4,3,3,5,5,4,3,4,4,4,4,4,4
20,29,Greece,"Nonbinary, genderfluid, two-spirit, or gender non-conforming",0,Asexual,White,A few times per month,Sometimes,Rarely,"Dramas,Comedies,Documentaries,Romance,Action/Adventure,Science Fiction/Fantasy",NA,NA,NA,"Weekend, Το Καλοκαιρι Της Κάρμεν",NA,NA,NA,NA,4,3,4,3,4,4,4,4,2,3,3,3,3,4,3,3,3,3,3,3,3,3,3,2,4,3,2,2,2,1,2,3
21,27,Indonesia,Woman,0,Bisexual,Asian,A few times per week,Often,Rarely,"Dramas,Romance,Action/Adventure,Science Fiction/Fantasy",NA,NA,NA,NA,NA,NA,NA,NA,4,3,2,2,6,6,6,5,4,2,4,3,3,5,4,5,3,1,3,2,4,5,4,4,6,4,5,4,6,4,3,5
22,32,Ireland,Woman,0,Gay or Lesbian,White,A few times per year,Often,Sometimes,"Dramas,Comedies,Documentaries,Romance,Science Fiction/Fantasy,Reality TV",NA,NA,NA,NA,NA,NA,NA,NA,4,4,4,4,2,2,4,4,4,5,5,4,5,6,5,5,5,5,5,5,5,5,5,5,4,5,5,5,4,5,4,5
23,32,Ireland,Woman,0,Pansexual,White,A few times per month,Sometimes,Rarely,"Dramas,Comedies,Documentaries,Romance,Action/Adventure,Science Fiction/Fantasy,Reality TV",NA,NA,NA,NA,NA,NA,NA,NA,4,4,4,3,5,5,6,5,4,4,4,5,6,6,6,5,5,5,5,6,6,6,6,5,5,4,6,6,6,4,4,5
24,33,Japan,Woman,0,Bisexual,White,A few times per month,Sometimes,Sometimes,"Dramas,Comedies,Reality TV","Portrait Of A Lady On Fire, The Handmaiden","Bottoms, Brooklyn 99",NA,NA,NA,NA,"The Ultimatum (Queer Love), Ru Pauls Drag Race",NA,3,3,3,4,3,3,4,5,4,4,4,4,5,5,5,5,5,4,4,4,4,5,6,5,5,3,4,4,4,5,5,4
25,42,Japan,Woman,0,Bisexual,White,A few times per week,Sometimes,Never,Reality TV,NA,NA,NA,NA,NA,NA,Rupaul's Drag Race,NA,3,3,3,3,5,5,5,5,4,4,4,3,3,3,3,3,3,3,4,4,3,3,5,5,4,3,4,3,3,4,3,3
26,31,Latvia,Woman,0,Bisexual,White,A few times per week,Never,Never,"Dramas,Documentaries",NA,NA,NA,NA,NA,NA,NA,NA,1,2,4,2,6,6,5,5,5,5,3,3,3,3,1,1,1,1,1,1,1,1,3,1,3,2,2,2,2,2,2,2
27,33,Norway,Man,0,Gay or Lesbian,White,A few times per week,Always,Often,"Dramas,Comedies,Romance,Action/Adventure,Reality TV","Sex Education, Euphoria",Dery Girls,NA,"Heartstopper, Red White Royal Blue",Old Guard,NA,Rupauls Drag Race,NA,5,4,5,5,3,4,2,5,5,5,5,3,2,3,4,4,3,3,5,5,5,4,4,4,6,5,4,4,4,4,3,4
28,26,Poland,Woman,0,Bisexual,White,A few times per year,Rarely,Sometimes,"Dramas,Action/Adventure,Others, please specify:",Various K-Dramas,NA,NA,NA,Arcane,NA,NA,Horror Haunting Of Bly Manor,4,4,3,4,5,4,4,2,1,3,2,2,2,4,4,2,4,4,4,2,3,3,5,5,4,4,5,3,4,2,5,4
29,47,Poland,Woman,0,Bisexual,White,A few times per month,Sometimes,Rarely,"Dramas,Comedies",NA,NA,NA,NA,NA,NA,NA,NA,4,4,4,4,4,4,4,5,5,5,5,3,3,4,4,4,3,3,4,5,4,4,5,4,4,4,3,3,4,3,3,3
30,25,Portugal,Woman,0,Asexual,White,A few times per year,Rarely,Sometimes,"Dramas,Romance,Science Fiction/Fantasy",Yellowjackets,NA,NA,Heartstopper,NA,"Buffy The Vampire Slayer, The Society",NA,NA,4,2,5,4,2,3,3,5,5,5,5,5,4,6,4,4,4,5,4,5,5,6,5,4,5,4,4,4,5,3,4,4
32,19,South Africa,Woman,0,Asexual,Black or African-American,Daily,Always,Always,Reality TV,NA,NA,NA,NA,NA,NA,NA,NA,5,5,5,5,5,5,5,6,5,5,5,5,5,6,6,6,6,6,6,5,5,6,5,5,5,4,5,5,4,5,5,5
33,20,South Africa,Woman,0,Bisexual,Black or African-American,Daily,Rarely,Often,"Dramas,Comedies,Science Fiction/Fantasy",NA,NA,NA,NA,NA,NA,NA,NA,3,4,5,5,6,6,6,5,4,5,5,4,4,6,6,5,5,5,5,6,5,6,6,6,5,5,5,5,4,5,5,4
34,21,South Africa,Woman,0,Bisexual,Black or African-American,A few times per week,Never,Sometimes,Comedies,NA,Bros,NA,NA,NA,NA,NA,NA,3,4,5,5,4,4,5,4,5,4,4,2,2,4,3,4,4,4,5,5,5,5,5,5,4,1,5,5,4,2,4,5
35,21,South Africa,Woman,0,Bisexual,Black or African-American,A few times per week,Often,Sometimes,"Dramas,Romance,Reality TV",NA,NA,NA,NA,NA,NA,NA,NA,5,6,6,5,5,4,6,5,6,6,6,5,6,6,5,6,6,6,6,6,6,6,6,6,6,5,5,6,5,6,6,5
36,21,South Africa,Woman,1,Bisexual,Black or African-American,A few times per week,Rarely,Rarely,"Dramas,Comedies,Action/Adventure,Reality TV","House Of Zwide, Scandal, Isitha,Smoke And Mirrors",Steve Harvey,NA,NA,Jackie Chan,NA,America's Got Talent,NA,4,5,4,4,3,4,5,5,2,4,4,5,6,5,6,5,5,6,6,5,5,5,5,5,5,5,5,6,5,6,6,5
37,22,South Africa,Woman,0,Asexual,Black or African-American,A few times per month,Never,Never,Reality TV,NA,NA,NA,NA,NA,NA,NA,NA,1,4,1,1,1,1,1,5,3,2,4,1,1,1,1,1,1,1,1,1,2,3,2,1,1,1,1,1,1,3,1,1
38,22,South Africa,Man,0,Asexual,Black or African-American,Daily,Sometimes,Sometimes,"Dramas,Comedies,Documentaries,Romance",Isitha,The Birdcage,Paris Is Burning,Call Me By Your Name,NA,NA,NA,NA,3,5,5,6,5,4,5,4,5,4,5,5,4,5,4,5,4,5,5,3,5,4,3,3,5,4,5,4,5,4,5,4
39,23,South Africa,Woman,0,Bisexual,Black or African-American,Daily,Always,Always,"Comedies,Romance,Action/Adventure,Reality TV",NA,NA,NA,NA,NA,NA,NA,NA,6,4,5,6,6,6,6,6,6,6,6,5,4,5,5,5,6,6,6,6,6,6,6,6,6,6,6,6,6,6,6,6
40,25,South Africa,Woman,0,Asexual,Black or African-American,A few times per week,Never,Sometimes,"Comedies,Reality TV",NA,NA,NA,NA,NA,NA,NA,NA,2,6,6,6,4,3,3,6,6,6,6,6,6,6,6,6,6,6,4,6,6,6,4,6,6,6,6,6,6,6,6,6
41,27,South Africa,Woman,0,Asexual,Black or African-American,Daily,Rarely,Sometimes,Dramas,Uzalo,NA,NA,NA,NA,NA,NA,NA,5,5,4,5,6,6,5,6,6,6,6,6,5,5,6,5,5,5,6,6,6,5,6,6,5,5,5,6,6,5,5,5
42,28,South Africa,Woman,0,Bisexual,Black or African-American,A few times per month,Never,Sometimes,"Dramas,Comedies,Documentaries,Action/Adventure,Science Fiction/Fantasy,Reality TV,Others, please specify:",NA,NA,NA,NA,NA,NA,NA,Horror,3,3,3,2,5,5,5,4,3,3,4,2,4,4,2,2,3,2,2,5,4,5,4,5,3,2,3,4,4,2,4,4
43,28,South Africa,Woman,0,Bisexual,Black or African-American,Daily,Often,Often,"Dramas,Comedies,Romance,Action/Adventure,Reality TV",Glamorous,Eastsiders,NA,Moonlight,NA,NA,NA,NA,6,6,6,6,6,6,3,6,6,6,6,6,6,6,6,6,6,6,6,6,6,6,6,6,6,6,6,6,6,6,6,6
44,28,South Africa,Woman,0,Asexual,Black or African-American,Daily,Rarely,Sometimes,"Dramas,Comedies,Action/Adventure,Reality TV",NA,NA,NA,NA,NA,NA,NA,NA,4,4,5,5,5,4,4,4,4,5,6,6,6,6,6,6,6,5,4,4,6,3,4,4,4,4,5,5,5,5,5,5
45,31,South Africa,Man,0,Bisexual,Black or African-American,Daily,Sometimes,Sometimes,"Documentaries,Action/Adventure,Reality TV",NA,NA,NA,NA,NA,NA,NA,NA,4,5,6,5,5,4,3,5,6,6,5,5,4,5,4,5,5,4,5,6,6,4,6,6,5,4,5,5,5,5,4,6
46,33,South Africa,Man,0,Bisexual,Black or African-American,A few times per month,Never,Rarely,"Others, please specify:",NA,NA,NA,NA,NA,NA,NA,Rent,2,3,2,1,2,2,6,3,3,5,3,2,1,1,1,2,1,1,2,2,2,2,2,1,1,1,1,2,1,1,1,2
47,36,South Africa,Woman,0,Gay or Lesbian,Black or African-American,A few times per week,Often,Sometimes,"Comedies,Romance",NA,Bottoms,NA,Happiest Season,NA,NA,NA,NA,5,5,5,4,3,3,3,5,5,5,5,5,5,5,5,5,5,5,5,5,5,5,5,5,5,5,5,5,5,5,5,5
48,41,South Africa,Woman,0,Asexual,Black or African-American,Daily,Sometimes,Sometimes,"Dramas,Comedies,Action/Adventure",NA,NA,NA,NA,NA,NA,NA,NA,5,6,5,5,5,5,5,5,5,5,5,5,5,5,5,5,5,5,6,6,5,5,5,5,6,5,5,5,5,6,6,5
49,43,South Africa,Woman,0,Bisexual,Black or African-American,A few times per week,Sometimes,Sometimes,Reality TV,NA,NA,NA,NA,NA,NA,NA,NA,2,5,5,6,4,4,5,5,5,5,5,5,5,5,5,5,5,5,4,5,6,6,6,5,5,5,5,5,5,5,5,5
51,50,South Africa,Man,0,Asexual,Black or African-American,Daily,Often,Often,"Documentaries,Reality TV",NA,NA,NA,NA,NA,NA,NA,NA,5,6,5,6,5,6,4,5,5,6,6,5,6,4,5,5,6,5,4,6,5,5,3,5,5,6,6,5,6,5,6,5
52,55,South Africa,Man,0,Asexual,Asian,A few times per month,Sometimes,Often,"Dramas,Comedies,Romance,Action/Adventure,Reality TV",NA,NA,NA,NA,NA,NA,NA,NA,2,4,5,6,4,5,5,5,6,6,4,6,4,3,6,6,6,6,6,6,5,6,6,6,6,1,6,5,5,6,6,5
53,72,South Africa,Woman,1,Bisexual,Black or African-American,A few times per month,Sometimes,Rarely,"Documentaries,Reality TV",NA,NA,Rotten Tomatoes,NA,NA,NA,Next In Fashion,NA,5,4,4,4,4,4,4,4,4,5,6,6,4,6,5,5,6,5,5,6,6,5,6,5,3,3,5,4,3,4,4,5
54,24,Spain,Woman,0,Bisexual,White,A few times per week,Sometimes,Sometimes,"Dramas,Comedies,Romance,Science Fiction/Fantasy",Carol,The Other Two,NA,Heartstopper,NA,Sense8,NA,NA,4,3,4,4,3,4,3,4,3,5,4,3,4,4,3,4,3,5,3,4,3,4,5,3,3,4,3,4,3,4,3,5
55,25,Spain,Woman,1,Asexual,White,Daily,Always,Always,"Dramas,Action/Adventure,Science Fiction/Fantasy",NA,NA,NA,NA,NA,NA,NA,NA,6,4,4,4,4,5,5,5,4,4,4,5,5,5,5,5,4,5,5,5,4,5,5,5,6,5,5,5,6,6,6,5
56,26,Spain,Man,0,Bisexual,White,A few times per year,Never,Sometimes,"Dramas,Others, please specify:",Squid Game,NA,NA,NA,NA,NA,NA,Alii'm A Horror Guy En Penny Dreadful That Kind Of Stuff,2,2,2,2,5,5,5,2,2,2,2,1,1,1,1,1,1,1,1,1,1,1,1,2,1,1,1,1,1,1,1,1
57,27,Spain,Man,0,Bisexual,White,A few times per month,Sometimes,Sometimes,"Dramas,Comedies,Documentaries,Action/Adventure",Portrait De La Jeune Fille En Feu,"Bojack Horseman, Broad City",NA,NA,Adventure Time,NA,NA,NA,3,4,3,2,5,5,4,4,1,1,2,4,4,4,5,5,4,3,4,5,4,4,4,4,5,4,4,4,4,3,4,5
58,27,Spain,Woman,0,Gay or Lesbian,White,A few times per week,Always,Often,"Dramas,Comedies,Romance,Action/Adventure,Science Fiction/Fantasy,Reality TV","Pose, Euphoria","Feel Good, One Day At A Time",NA,"Heartstopper, Love Victor",Killing Eve,"Sense8, The Owl House","Rupauls Drag Race, Queer Eye",NA,5,5,3,4,3,5,2,4,5,4,3,6,5,5,6,4,2,3,5,3,5,2,3,4,5,2,4,5,4,5,5,3
59,31,Spain,Man,0,Bisexual,White,A few times per week,Sometimes,Often,"Comedies,Romance,Science Fiction/Fantasy",NA,"One Day At A Time, The Good Place",NA,Heartstopper,NA,Agatha All Along,NA,NA,6,6,6,6,5,5,6,6,5,6,5,5,5,5,6,6,6,6,6,6,6,6,6,6,5,5,5,6,6,5,6,6
60,34,Spain,Woman,0,Bisexual,White,A few times per week,Never,Rarely,"Comedies,Action/Adventure,Science Fiction/Fantasy",NA,Sex Education,NA,NA,The Squid Game,True Blood,NA,NA,2,2,2,2,5,5,5,6,4,5,4,2,2,2,4,3,2,4,2,3,3,4,4,4,4,3,5,3,4,2,4,4
61,44,Spain,Woman,0,Bisexual,White,A few times per month,Sometimes,Rarely,"Dramas,Science Fiction/Fantasy",NA,NA,NA,NA,NA,NA,NA,NA,4,4,5,5,4,4,5,6,5,5,5,3,4,4,4,4,3,2,3,5,4,3,5,4,5,2,2,3,1,4,4,2
62,50,Spain,Man,0,Bisexual,White,A few times per week,Sometimes,Often,"Dramas,Documentaries,Action/Adventure,Reality TV",Elite,NA,History Channel,NA,Survivors,NA,Big Brother,NA,4,4,4,3,4,4,4,5,4,4,4,4,4,5,4,4,4,5,4,4,4,5,4,4,4,4,4,4,4,4,4,5
63,30,Sweden,Man,1,Bisexual,White,A few times per year,Never,Never,"Comedies,Documentaries,Action/Adventure,Science Fiction/Fantasy,Reality TV,Others, please specify:",NA,NA,NA,NA,NA,NA,NA,Horror,3,4,4,4,4,4,4,5,4,4,4,2,2,3,3,2,3,2,3,2,3,4,5,4,4,3,3,4,2,2,3,3
64,18,United Kingdom,Woman,0,Asexual,Not specified,A few times per month,Often,Always,Romance,NA,NA,NA,Heartsopper And Heaven's Official Blessing,NA,NA,NA,NA,5,4,5,3,4,4,5,5,5,5,5,6,5,6,6,5,5,5,6,6,6,6,6,6,5,5,5,5,5,5,5,5
65,20,United Kingdom,Woman,0,Bisexual,Asian,A few times per week,Sometimes,Rarely,"Comedies,Romance,Science Fiction/Fantasy,Reality TV",NA,Big Boys,NA,Heartstopper,NA,Dr Who,Tampa Baes,NA,4,5,5,5,6,2,2,2,2,4,3,5,2,5,5,3,5,5,3,4,2,2,5,4,5,5,4,5,5,3,6,4
66,20,United Kingdom,Woman,0,Bisexual,White,A few times per week,Sometimes,Never,"Comedies,Action/Adventure,Science Fiction/Fantasy,Reality TV",NA,NA,NA,NA,NA,Dr Who,Rupauls Drag Race,NA,3,3,3,2,4,4,4,5,3,4,4,3,3,4,3,4,3,4,4,4,3,3,4,4,4,3,4,4,3,3,5,4
67,20,United Kingdom,Woman,0,Asexual,Black or African-American,A few times per week,Sometimes,Sometimes,"Dramas,Comedies,Documentaries,Science Fiction/Fantasy,Reality TV",NA,NA,NA,NA,NA,NA,NA,NA,4,5,4,4,4,5,5,5,4,4,4,4,5,4,4,5,4,4,4,3,4,4,4,5,5,4,4,5,4,4,5,5
68,21,United Kingdom,Woman,0,Gay or Lesbian,Asian,Daily,Often,Often,"Comedies,Romance,Action/Adventure,Reality TV",NA,Brooklyn Nine-Nine,NA,Heartstopper,Killing Eve,NA,I Kissed A Girl/ I Kissed A Boy,NA,6,4,4,4,4,4,3,4,4,4,5,4,4,4,5,4,4,4,6,4,5,4,4,4,4,5,4,4,5,5,4,5
69,21,United Kingdom,"Nonbinary, genderfluid, two-spirit, or gender non-conforming",1,Asexual,White,A few times per week,Sometimes,Often,"Romance,Reality TV",NA,NA,NA,Heartstopper,NA,NA,Queer Eye,NA,5,5,5,4,4,5,5,5,4,5,5,5,5,4,5,5,4,5,5,5,4,5,5,5,4,4,5,4,5,4,4,5
70,22,United Kingdom,Woman,0,Gay or Lesbian,White,A few times per week,Often,Often,"Dramas,Comedies,Romance,Reality TV",NA,NA,NA,NA,NA,NA,NA,NA,5,5,5,5,4,4,4,5,5,5,5,4,4,4,4,4,4,4,5,5,5,5,5,5,4,4,4,4,4,4,4,4
71,22,United Kingdom,Woman,0,Bisexual,White,A few times per week,Sometimes,Never,"Comedies,Romance,Action/Adventure,Reality TV",NA,NA,NA,NA,911 Lone Star,NA,NA,NA,4,4,4,4,5,5,5,5,5,4,4,4,5,5,5,1,4,5,5,5,5,5,5,5,5,5,5,5,5,5,5,5
72,23,United Kingdom,Woman,0,Pansexual,"Black or African-American,White",A few times per week,Often,Sometimes,"Dramas,Romance,Reality TV,Others, please specify:",NA,NA,NA,Heartstopper,NA,NA,Rupaul's Drag Race,American Horror Story,3,5,4,5,4,4,4,6,6,6,6,5,6,6,6,6,6,6,6,6,6,6,6,6,6,6,6,6,6,6,6,6
74,23,United Kingdom,Man,0,Bisexual,White,A few times per week,Sometimes,Often,"Dramas,Romance",NA,NA,NA,NA,NA,NA,NA,NA,5,5,6,5,6,4,5,5,4,4,5,6,5,5,5,6,6,6,6,6,6,6,6,6,6,6,5,6,5,5,6,6
75,24,United Kingdom,Woman,0,Bisexual,White,Daily,Sometimes,Rarely,"Dramas,Comedies,Romance",Orange Is The New Black,Schitts Creek,NA,Queen Charlotte,NA,NA,NA,NA,4,4,3,4,4,4,4,5,4,4,4,5,5,5,4,5,4,4,3,4,3,3,3,4,4,3,4,4,4,4,4,3
76,25,United Kingdom,Woman,0,Asexual,Black or African-American,Daily,Sometimes,Sometimes,Action/Adventure,NA,NA,NA,NA,Night Action,NA,NA,NA,3,4,4,4,4,4,4,4,4,3,3,4,4,4,3,4,5,5,5,5,5,3,4,5,5,4,4,4,4,3,2,3
77,26,United Kingdom,Man,1,Bisexual,White,A few times per week,Rarely,Never,Comedies,NA,Family Guy,NA,NA,NA,NA,NA,NA,1,1,1,2,5,5,6,4,2,3,3,1,1,1,1,1,1,1,1,1,1,1,1,1,1,1,1,1,1,1,1,1
78,26,United Kingdom,Woman,0,Bisexual,White,A few times per month,Rarely,Sometimes,"Dramas,Comedies,Romance",NA,NA,NA,NA,NA,NA,NA,NA,4,5,4,2,5,3,5,6,5,4,4,5,5,5,5,4,3,4,5,4,4,4,4,3,5,4,5,5,5,5,5,5
79,26,United Kingdom,Woman,0,Bisexual,Black or African-American,A few times per week,Often,Often,"Dramas,Comedies,Romance,Reality TV",NA,NA,NA,NA,NA,NA,NA,NA,4,4,3,5,4,4,6,2,2,2,1,4,3,4,4,4,2,1,6,5,4,4,6,4,6,4,6,5,4,5,5,5
80,27,United Kingdom,Woman,0,Bisexual,White,A few times per month,Never,Never,"Dramas,Comedies,Romance,Reality TV",NA,NA,NA,NA,NA,NA,NA,NA,3,3,2,2,5,5,4,3,1,2,1,1,1,1,1,1,1,1,1,1,1,1,2,2,1,1,1,1,1,1,1,1
81,27,United Kingdom,Woman,0,Bisexual,White,A few times per month,Rarely,Never,"Comedies,Romance",NA,What We Do In The Shadows,NA,Heartstopper,NA,NA,NA,NA,2,2,1,4,4,4,5,6,4,4,5,1,1,1,1,1,1,1,1,1,1,1,1,1,2,1,1,1,1,1,1,1
82,27,United Kingdom,"Nonbinary, genderfluid, two-spirit, or gender non-conforming",0,Gay or Lesbian,White,A few times per week,Always,Often,"Dramas,Comedies,Romance,Action/Adventure,Science Fiction/Fantasy,Reality TV",NA,NA,NA,NA,NA,NA,NA,NA,6,6,6,6,4,4,3,5,5,5,4,5,5,6,6,6,6,6,6,6,6,6,6,6,6,5,6,6,6,6,6,6
83,27,United Kingdom,"Nonbinary, genderfluid, two-spirit, or gender non-conforming",1,Bisexual,White,A few times per month,Sometimes,Rarely,"Romance,Action/Adventure,Science Fiction/Fantasy",NA,NA,NA,NA,NA,NA,NA,NA,4,3,2,2,5,5,6,2,2,2,2,4,5,4,3,5,5,4,6,5,5,5,6,4,5,5,5,5,5,5,5,6
84,27,United Kingdom,Man,0,Asexual,Not specified,A few times per week,Sometimes,Rarely,"Dramas,Comedies",NA,NA,NA,NA,NA,NA,NA,NA,1,2,3,4,4,4,4,4,3,5,5,5,5,6,5,5,5,5,5,4,3,5,6,5,5,5,5,5,5,5,5,5
85,28,United Kingdom,Woman,0,Queer,White,A few times per month,Often,Never,"Dramas,Documentaries,Romance,Reality TV","Pose, It's A Sin",NA,Paris Is Burning,Sense8,NA,NA,Drag Race,NA,5,5,4,4,5,4,5,6,4,4,4,6,4,5,5,5,4,4,6,6,6,4,5,6,4,4,4,4,5,4,6,4
86,28,United Kingdom,Woman,0,Asexual,White,A few times per week,Rarely,Never,"Dramas,Comedies,Reality TV","Oz, Wentworth",NA,NA,NA,NA,NA,NA,NA,1,1,4,4,4,4,5,4,3,4,3,2,2,2,2,2,2,3,3,2,3,4,4,3,4,4,5,5,4,3,4,2
87,29,United Kingdom,Woman,0,Asexual,White,A few times per week,Sometimes,Often,"Dramas,Comedies,Romance,Science Fiction/Fantasy",NA,NA,NA,NA,NA,NA,NA,NA,2,4,4,5,4,4,5,5,4,5,5,5,5,5,6,5,5,5,6,5,6,6,5,5,6,5,5,5,4,4,5,5
89,29,United Kingdom,Woman,0,Gay or Lesbian,Black or African-American,A few times per week,Often,Often,"Dramas,Romance,Reality TV",L Word,NA,NA,The First Kill,NA,NA,Queer Eye,NA,4,5,4,4,6,6,6,6,3,4,4,4,4,4,4,4,4,4,6,6,6,6,6,6,6,4,6,6,6,6,6,6
90,29,United Kingdom,Woman,0,Gay or Lesbian,White,A few times per week,Sometimes,Sometimes,"Dramas,Comedies,Romance,Reality TV",The L Word,NA,NA,NA,NA,NA,"The Ultimatum, Married At First Sight",NA,5,4,4,4,4,4,5,5,4,4,5,3,3,4,3,4,4,4,5,5,3,5,5,5,4,2,4,4,3,2,5,3
91,30,United Kingdom,Woman,0,Gay or Lesbian,White,A few times per week,Often,Sometimes,"Dramas,Action/Adventure,Science Fiction/Fantasy",NA,NA,NA,NA,NA,NA,NA,NA,4,5,5,4,4,4,4,5,3,4,4,4,3,5,5,5,6,5,5,6,5,5,6,5,5,4,4,5,4,5,3,3
92,31,United Kingdom,Woman,0,Pansexual,White,A few times per month,Sometimes,Never,"Dramas,Comedies,Documentaries,Science Fiction/Fantasy","Its A Sin,","What We Do In The Shadows, Our Flag Means Death, Ghosts",NA,NA,NA,"Good Omens, Star Trek: Deep Space Nine",NA,NA,4,4,4,4,3,3,4,4,4,4,4,4,3,3,3,3,3,4,4,4,4,4,5,4,6,3,4,4,3,3,3,3
93,32,United Kingdom,Man,0,Bisexual,White,A few times per year,Never,Never,Action/Adventure,NA,NA,NA,NA,Jojos Bizarre Adventure,NA,NA,NA,2,2,2,2,4,4,4,2,4,3,5,2,2,3,2,2,2,1,1,2,2,2,3,2,3,1,3,2,2,1,4,2
94,32,United Kingdom,Woman,0,Bisexual,White,A few times per week,Sometimes,Rarely,"Dramas,Comedies,Action/Adventure,Science Fiction/Fantasy",NA,NA,NA,NA,NA,NA,NA,NA,4,4,4,4,3,3,4,5,4,4,4,4,4,4,4,4,4,4,3,3,3,3,4,4,4,3,4,3,4,4,4,4
95,33,United Kingdom,Woman,0,Pansexual,White,A few times per week,Rarely,Often,"Dramas,Comedies,Science Fiction/Fantasy",Another Life,"Sex Education, Modern Family",NA,NA,NA,Arcane,NA,NA,4,4,2,3,4,4,5,6,5,4,4,3,4,4,4,4,4,3,4,4,4,4,5,4,4,2,4,2,4,2,2,2
96,33,United Kingdom,Woman,0,Bisexual,White,Daily,Sometimes,Rarely,"Dramas,Comedies,Romance,Science Fiction/Fantasy",NA,Superstore,NA,NA,NA,NA,NA,NA,4,5,4,4,4,4,4,5,5,4,4,4,4,5,5,4,4,5,5,5,4,4,5,5,5,4,5,5,4,3,4,5
97,33,United Kingdom,Woman,0,Bisexual,White,A few times per month,Often,Rarely,"Others, please specify:",NA,NA,NA,NA,NA,NA,NA,Idk,4,4,4,4,4,4,4,4,4,4,4,2,2,2,4,2,2,2,4,4,4,4,4,4,2,2,2,2,2,5,2,2
98,34,United Kingdom,Woman,0,Pansexual,White,A few times per month,Sometimes,Never,"Dramas,Documentaries,Romance,Reality TV","Desperate Housewives, Greys Anatomy",NA,NA,Heartstopper,NA,NA,"Big Brother, The Traitors, I'm A Celeb",NA,5,5,5,4,3,4,4,4,4,4,4,3,3,3,4,4,3,4,4,4,4,4,4,4,4,3,3,3,3,5,3,3
99,34,United Kingdom,Woman,0,Pansexual,White,Daily,Always,Often,"Dramas,Action/Adventure,Science Fiction/Fantasy,Reality TV",Euphoria,NA,NA,NA,Buffy The Vampire Slayer,Angel,Ru Paul's Drag Race,NA,5,5,5,5,4,4,4,4,5,5,5,5,5,5,5,5,5,5,5,5,5,5,5,6,5,5,5,5,5,4,5,5
100,34,United Kingdom,Man,0,Bisexual,Asian,A few times per month,Rarely,Rarely,"Dramas,Comedies,Documentaries,Romance,Action/Adventure,Science Fiction/Fantasy,Reality TV,Others, please specify:",Bridgerton,NA,NA,NA,The Last Of Us,Sense8,NA,The Owl House,4,4,4,4,3,3,5,4,4,4,4,4,4,6,6,6,4,4,4,6,5,6,6,6,6,4,6,6,6,6,4,5
101,35,United Kingdom,Woman,0,Pansexual,White,A few times per month,Often,Rarely,"Dramas,Comedies,Romance,Action/Adventure,Reality TV",NA,NA,NA,NA,NA,NA,NA,NA,5,5,5,5,4,4,4,5,5,5,5,6,6,6,6,6,6,6,6,6,6,6,6,6,4,4,6,5,6,3,6,5
102,35,United Kingdom,Woman,0,Bisexual,White,A few times per week,Sometimes,Sometimes,"Dramas,Comedies",NA,NA,NA,NA,NA,NA,NA,NA,3,4,3,4,4,4,4,5,3,4,4,4,4,4,4,5,4,4,4,5,5,5,5,5,5,3,5,5,4,4,4,5
103,35,United Kingdom,Woman,1,Bisexual,"Black or African-American,White",A few times per month,Rarely,Sometimes,"Dramas,Comedies,Romance",NA,NA,NA,NA,NA,NA,NA,NA,4,5,4,5,5,4,4,4,5,6,5,5,4,5,4,5,6,5,5,4,5,6,5,4,4,5,6,5,4,5,6,5
104,36,United Kingdom,Woman,0,Bisexual,White,A few times per month,Sometimes,Rarely,"Dramas,Comedies,Romance,Reality TV",NA,NA,NA,NA,NA,NA,NA,NA,5,4,5,5,4,4,4,3,4,4,3,4,4,5,4,4,4,3,4,4,5,5,6,5,5,3,5,4,5,4,4,5
105,37,United Kingdom,Woman,0,Gay or Lesbian,White,A few times per week,Often,Rarely,"Dramas,Action/Adventure","Vigil, Greys Anatomy, 911",NA,NA,NA,NA,NA,NA,NA,4,4,4,4,3,3,4,4,4,5,5,5,5,5,5,4,5,5,4,4,4,5,4,4,4,5,4,4,4,5,5,5
106,37,United Kingdom,"Nonbinary, genderfluid, two-spirit, or gender non-conforming",1,Bisexual,White,A few times per week,Sometimes,Never,Comedies,NA,"Brooklyn Nine Nine, This Flag Means Death, Schitts Creek",NA,NA,NA,NA,NA,NA,2,2,3,4,5,6,5,5,4,5,4,4,5,5,5,3,4,3,4,5,4,4,4,5,3,3,4,3,1,2,3,4
107,38,United Kingdom,Woman,0,Gay or Lesbian,White,A few times per year,Sometimes,Rarely,"Comedies,Documentaries,Romance,Reality TV",NA,"Modern Family, Or Romantic Comedies",Historic Documentaries E.g. About Marriage Equality,Hallmark Seasonal Movies With A Queer Storyline,NA,NA,I Kissed A Girl,NA,4,4,4,3,4,4,5,4,4,3,4,4,4,5,5,4,3,3,5,5,3,4,4,4,4,3,4,3,4,3,4,4
108,42,United Kingdom,Woman,0,Bisexual,White,A few times per month,Often,Often,Science Fiction/Fantasy,NA,NA,NA,NA,NA,Castlevania,NA,NA,4,4,4,4,4,4,4,4,3,3,3,4,4,3,4,4,4,4,3,3,3,4,4,4,4,4,4,4,3,4,4,4
109,42,United Kingdom,Man,0,Bisexual,White,A few times per week,Never,Rarely,"Dramas,Comedies,Romance,Reality TV",NA,NA,NA,NA,NA,NA,NA,NA,5,5,5,5,4,4,4,5,5,5,5,3,3,2,3,3,3,3,3,3,3,3,4,4,4,4,4,4,4,4,4,4
110,43,United Kingdom,Woman,0,Bisexual,White,A few times per month,Sometimes,Sometimes,"Dramas,Comedies,Documentaries,Romance,Action/Adventure,Reality TV",NA,NA,NA,NA,NA,NA,NA,NA,4,4,4,4,4,4,4,4,4,4,4,4,4,4,4,4,4,4,4,4,4,4,4,4,4,4,4,4,4,3,3,4
111,50,United Kingdom,Woman,0,Bisexual,White,A few times per month,Sometimes,Sometimes,"Dramas,Comedies,Documentaries,Action/Adventure",NA,NA,NA,NA,NA,NA,NA,NA,3,3,3,2,5,5,5,4,2,2,2,2,2,4,4,5,4,4,4,4,3,4,4,3,3,3,4,4,4,3,4,4
113,57,United Kingdom,Woman,0,Pansexual,White,A few times per week,Often,Rarely,"Dramas,Comedies,Romance,Action/Adventure,Science Fiction/Fantasy,Reality TV",Heartstopper; Killing Eve; I Am Not Ok With This; Dear White People; The Sandman,Superstore; Feel Good,NA,Heartstopper,First Kill,Nimona,Rupaul's Drag Race,NA,3,4,4,4,3,3,3,5,4,4,4,4,4,5,4,4,4,4,4,5,4,4,5,5,5,4,4,5,4,5,4,5
114,20,"United States, AL","Nonbinary, genderfluid, two-spirit, or gender non-conforming",1,Bisexual,White,A few times per week,Always,Sometimes,"Action/Adventure,Science Fiction/Fantasy",NA,NA,NA,NA,Walking Dead,"Firefly, Supernatural",NA,NA,6,6,6,6,5,4,4,5,4,5,5,6,6,6,6,6,6,6,6,6,6,6,6,6,6,6,6,5,6,6,6,6
115,29,"United States, AZ",Man,0,Bisexual,Not specified,A few times per week,Rarely,Never,"Action/Adventure,Others, please specify:",NA,NA,NA,NA,Game Of Thrones,NA,NA,Anime Demon Slayer,2,2,2,2,2,2,2,5,5,5,5,5,5,5,5,5,5,5,5,5,5,5,5,5,5,5,5,5,5,5,5,5
116,24,"United States, AR",Man,1,Gay or Lesbian,Black or African-American,Daily,Sometimes,Sometimes,"Dramas,Romance",NA,NA,NA,NA,NA,NA,NA,NA,4,5,5,5,4,5,4,5,4,5,6,4,5,6,5,4,4,5,3,4,4,5,5,5,5,4,4,4,5,4,4,3
117,26,"United States, AR",Man,1,Bisexual,Black or African-American,A few times per week,Often,Rarely,"Romance,Action/Adventure",NA,NA,NA,NA,NA,NA,NA,NA,4,5,5,5,5,4,3,5,4,5,5,4,5,4,5,5,4,5,4,5,4,3,4,5,5,3,4,3,5,5,4,6
118,36,"United States, AR",Man,0,Bisexual,White,A few times per year,Rarely,Never,"Dramas,Comedies,Documentaries,Science Fiction/Fantasy",NA,NA,NA,NA,NA,NA,NA,NA,3,4,4,4,4,5,5,5,4,5,5,3,2,5,4,5,3,5,4,5,4,4,4,5,4,5,4,4,3,5,3,4
119,19,"United States, CA",Woman,0,Questioning between Asexual or bisexual,Asian,A few times per year,Sometimes,Sometimes,"Dramas,Action/Adventure,Science Fiction/Fantasy",House Of Hummingbird,NA,NA,NA,Arcane,The Owl House,NA,NA,3,4,4,4,4,4,4,4,3,4,4,4,4,5,5,5,4,4,5,4,4,4,4,4,6,4,4,4,3,4,4,4
120,20,"United States, CA",Woman,1,Bisexual,Black or African-American,A few times per month,Sometimes,Often,"Comedies,Romance,Reality TV",NA,NA,NA,NA,NA,NA,NA,NA,4,5,3,5,6,4,5,3,3,1,4,4,6,5,5,6,3,5,6,4,6,6,4,6,6,1,3,2,1,6,5,6
121,26,"United States, CA",Woman,1,Gay or Lesbian,White,A few times per week,Often,Rarely,"Action/Adventure,Science Fiction/Fantasy",NA,NA,NA,NA,"Adventure Time, She-Ra",The Owl House,NA,NA,5,4,4,4,4,4,4,6,5,5,4,5,5,5,5,6,6,6,4,5,4,5,6,5,5,3,5,3,3,6,4,5
122,27,"United States, CA",Woman,0,Bisexual,"Black or African-American,White",A few times per year,Never,Never,"Comedies,Romance",NA,NA,NA,Love Simon,NA,NA,NA,NA,2,2,1,2,5,5,6,2,1,1,2,1,1,2,2,1,2,2,2,2,2,2,3,3,2,2,1,2,2,3,2,2
123,31,"United States, CA","Nonbinary, genderfluid, two-spirit, or gender non-conforming",0,Asexual,"Asian,White",A few times per year,Sometimes,Often,"Dramas,Romance",Brookback Mountain,NA,NA,Tangerine,NA,NA,NA,NA,4,5,5,3,6,6,6,4,2,2,5,4,2,4,6,6,6,6,6,6,6,4,6,6,4,4,6,6,4,2,6,6
124,34,"United States, CA",Woman,0,Pansexual,White,A few times per week,Sometimes,Sometimes,"Dramas,Comedies,Romance,Science Fiction/Fantasy",NA,NA,NA,NA,NA,NA,NA,NA,4,5,4,5,4,4,4,5,5,5,5,4,4,5,5,4,5,5,5,5,5,6,6,5,5,4,5,5,5,3,4,4
125,45,"United States, CA",Man,0,Pansexual,Black or African-American,A few times per month,Never,Never,"Dramas,Comedies",Billions,Will And Grace,NA,NA,NA,NA,NA,NA,3,4,4,3,4,4,4,6,4,5,5,4,3,4,4,3,3,4,3,4,4,4,4,3,4,4,4,5,3,3,4,4
126,27,"United States, CO",Woman,0,Gay or Lesbian,American Indian or Alaska Native,A few times per year,Often,Sometimes,"Dramas,Comedies,Romance,Reality TV",The Miseducation Of Cameron Post,I'm A Cheerleader,NA,The Handmaiden,NA,NA,The Ultimatum: Queen Love,NA,4,5,6,4,4,4,4,5,3,5,6,5,4,6,5,6,5,5,5,5,4,5,4,4,6,5,5,5,6,6,6,4
127,39,"United States, CO",Man,0,Bisexual,Asian,A few times per month,Rarely,Rarely,"Comedies,Reality TV",NA,Schitt's Creek,NA,NA,NA,NA,Queer Eye,NA,5,5,5,5,3,4,5,5,5,4,5,5,4,4,5,4,5,4,5,5,5,5,5,5,5,4,5,4,4,5,5,5
128,59,"United States, FL",Man,0,Gay or Lesbian,White,Daily,Often,Rarely,"Dramas,Comedies,Documentaries,Romance,Action/Adventure,Science Fiction/Fantasy,Reality TV",NA,NA,NA,NA,NA,NA,NA,NA,5,4,4,4,4,4,4,4,4,4,4,6,5,6,6,6,6,6,6,6,6,6,6,6,6,6,6,6,6,6,6,6
129,26,"United States, HI",Woman,0,Bisexual,Asian,A few times per month,Sometimes,Sometimes,"Dramas,Romance",NA,NA,NA,NA,NA,NA,NA,NA,4,4,5,5,4,4,4,5,4,5,4,5,4,5,4,4,5,4,4,5,4,5,4,4,5,4,4,5,4,4,4,5
130,32,"United States, ID",agender,0,Asexual,White,A few times per week,Always,Sometimes,Science Fiction/Fantasy,NA,NA,NA,NA,NA,Babylon 5,NA,NA,6,4,6,5,4,5,5,3,3,3,3,6,6,6,6,6,6,6,6,6,6,6,6,6,6,6,6,6,6,6,6,6
131,24,"United States, IL","Nonbinary, genderfluid, two-spirit, or gender non-conforming",1,Bisexual,White,A few times per week,Sometimes,Rarely,"Dramas,Comedies,Romance,Action/Adventure,Science Fiction/Fantasy,Reality TV",NA,NA,NA,NA,NA,NA,NA,NA,3,5,6,4,4,4,6,5,4,4,4,5,6,5,5,6,4,6,5,6,4,5,2,2,4,4,4,6,5,6,4,5
132,31,"United States, IL",Woman,0,Gay or Lesbian,White,A few times per year,Sometimes,Sometimes,"Dramas,Comedies,Documentaries",NA,NA,NA,NA,NA,NA,NA,NA,4,5,4,4,4,4,5,3,4,3,4,4,4,4,4,4,4,4,5,5,5,5,5,5,4,4,5,5,4,4,5,5
133,34,"United States, IL",Woman,0,Bisexual,White,A few times per week,Often,Sometimes,"Dramas,Comedies,Reality TV",NA,NA,NA,NA,NA,NA,NA,NA,4,4,4,3,4,4,4,5,3,3,4,3,3,3,4,4,3,4,5,5,4,4,4,4,5,4,5,5,5,6,4,5
134,35,"United States, IN","Nonbinary, genderfluid, two-spirit, or gender non-conforming",1,Bisexual,White,A few times per week,Often,Sometimes,"Dramas,Comedies",Interview With The Vampire (Tv Series),The Great,NA,NA,NA,NA,NA,NA,4,4,4,3,5,5,5,4,4,5,4,4,4,5,6,6,4,4,6,6,6,6,6,6,6,6,6,5,4,3,4,4
135,28,"United States, LA",Woman,0,Bisexual,White,A few times per week,Often,Never,"Dramas,Documentaries,Science Fiction/Fantasy",The Handmaids Tale,NA,True Crime,NA,NA,Dr. Who,NA,NA,4,5,5,5,5,5,5,4,3,4,4,4,2,2,2,2,5,5,5,5,5,4,4,3,3,2,4,4,4,4,4,4
136,33,"United States, ME",Woman,0,Pansexual,"American Indian or Alaska Native,White",Never,Never,Never,"Others, please specify:",NA,NA,NA,NA,NA,NA,NA,Doesnt Matter Who Is Queer Or Not Queer To Me,1,1,1,1,1,1,1,1,1,1,1,1,1,1,1,1,1,1,1,1,1,1,1,1,1,1,1,1,1,1,1,1
137,22,"United States, MA",Man,1,Bisexual,White,A few times per week,Rarely,Sometimes,"Science Fiction/Fantasy,Others, please specify:",NA,NA,NA,NA,NA,"The Walking Dead, The 100",NA,Various Anime Or Cartoons,3,2,2,2,4,4,4,6,3,3,3,1,1,1,1,1,1,1,1,3,1,1,2,1,2,1,1,1,1,1,1,1
138,26,"United States, MA",Woman,0,Asexual,Asian,A few times per year,Rarely,Rarely,Dramas,Revenge,NA,NA,NA,NA,NA,NA,NA,1,4,4,5,4,4,4,5,2,4,1,5,6,5,6,5,6,4,4,1,4,5,6,4,5,6,6,6,5,6,6,6
139,27,"United States, MA","Nonbinary, genderfluid, two-spirit, or gender non-conforming",0,Gay or Lesbian,"American Indian or Alaska Native,White",A few times per month,Never,Never,"Comedies,Others, please specify:",NA,It's Always Sunny In Philedelphia,NA,NA,NA,NA,NA,Cartoons And Anime,1,2,1,1,6,6,6,2,1,1,3,1,1,1,1,1,1,1,1,1,1,1,1,1,2,1,1,1,1,1,4,1
140,27,"United States, MI",Woman,0,Bisexual,White,A few times per year,Never,Sometimes,Comedies,NA,Bros,NA,NA,NA,NA,NA,NA,2,2,2,2,5,5,5,3,2,2,2,2,2,2,2,2,2,2,2,2,2,2,2,2,2,2,2,2,2,2,2,2
141,19,"United States, MS","Nonbinary, genderfluid, two-spirit, or gender non-conforming",1,Gay or Lesbian,Black or African-American,A few times per week,Often,Always,"Dramas,Science Fiction/Fantasy,Others, please specify:",The L Word,NA,NA,NA,NA,First Kill,NA,Interview With The Vampire Tv Show,5,5,6,5,3,4,6,6,6,5,5,6,6,6,6,6,6,6,5,6,6,6,6,4,6,5,4,5,5,5,4,6
142,27,"United States, MO",Man,0,Bisexual,White,A few times per year,Never,Never,"Others, please specify:",NA,NA,NA,NA,NA,NA,NA,I Honestly Don't Remember The Names I Know Ive Seen Shows With Them But It's Been A While,1,1,4,5,1,1,1,5,5,5,5,1,1,1,1,1,1,1,4,4,4,1,4,4,1,1,1,1,1,1,1,1
143,43,"United States, NV",Woman,0,Asexual,White,A few times per month,Rarely,Sometimes,Reality TV,NA,NA,NA,NA,NA,NA,NA,NA,1,2,4,3,2,4,4,3,3,3,1,2,2,2,2,2,2,2,2,2,2,1,3,2,1,1,1,1,1,1,1,2
144,45,"United States, NV",Woman,0,Bisexual,"American Indian or Alaska Native,Black or African-American",A few times per year,Never,Never,"Dramas,Comedies",NA,NA,NA,NA,NA,NA,NA,NA,5,6,6,5,5,5,5,5,4,5,4,2,1,1,1,1,1,5,3,4,3,1,1,1,1,1,1,1,1,1,1,1
145,24,"United States, NJ",Man,1,Bisexual,White,A few times per month,Sometimes,Rarely,"Comedies,Others, please specify:",NA,The Birdcage,NA,NA,NA,NA,NA,Tokyo Godfathers,4,5,5,5,2,2,3,4,4,5,5,4,5,6,5,5,4,5,4,6,4,5,5,4,4,3,4,4,2,4,3,3
146,33,"United States, NM",Woman,0,Asexual,Black or African-American,A few times per week,Sometimes,Rarely,Dramas,"Veneno And Love, Simon",NA,NA,NA,NA,NA,NA,NA,4,4,5,5,5,5,4,5,5,5,5,4,5,5,4,4,4,4,4,4,4,5,5,5,5,5,5,4,5,5,5,4
147,21,"United States, NY",Woman,0,Bisexual,White,A few times per week,Sometimes,Always,"Dramas,Comedies,Documentaries,Science Fiction/Fantasy,Reality TV",NA,NA,NA,NA,NA,NA,NA,NA,4,2,5,4,6,6,6,2,1,1,2,4,4,3,2,2,2,2,4,4,4,4,5,5,5,2,4,4,1,1,1,5
148,22,"United States, NY",Man,0,Bisexual,Black or African-American,A few times per week,Sometimes,Sometimes,"Dramas,Romance,Action/Adventure,Science Fiction/Fantasy,Reality TV",NA,NA,NA,NA,NA,NA,NA,NA,5,5,5,5,4,3,4,5,5,5,5,4,5,5,5,5,6,6,5,5,5,5,5,5,5,5,5,5,5,5,6,5
150,25,"United States, NY",Woman,0,Gay or Lesbian,White,A few times per week,Often,Sometimes,"Dramas,Comedies,Romance,Science Fiction/Fantasy,Reality TV","Pose, The L Word",The Sex Lives Of College Girls,NA,Heartstopper,NA,The 100,"The Ultimatum, Are You The One",NA,5,4,4,3,4,4,6,2,2,2,3,5,5,6,5,6,3,4,6,6,6,6,6,6,5,4,5,6,6,6,6,6
151,28,"United States, NY",Man,0,Bisexual,Black or African-American,A few times per month,Often,Sometimes,"Dramas,Comedies,Romance,Action/Adventure,Reality TV","Moonlight, Call Me By Your Name","Booksmart, The Birdcage",NA,"Carol, Weekend","The Old Guard, Bond",NA,"Love Allways, I Kissed A Girl",NA,4,5,5,5,5,4,5,6,5,5,5,4,5,5,5,5,5,5,5,5,5,5,6,5,6,3,5,5,5,5,5,5
152,29,"United States, NY",Woman,0,Bisexual,White,A few times per week,Often,Often,"Dramas,Comedies,Romance,Reality TV",Pose,"Xo Kitty, Heartstoppers",NA,Heartstoppers,NA,NA,Bling Empire,NA,4,4,5,3,4,4,5,5,4,4,4,6,6,6,6,6,6,6,6,6,6,6,4,5,5,3,5,5,5,4,6,6
153,35,"United States, NY",Woman,0,Bisexual,White,A few times per month,Rarely,Never,"Comedies,Reality TV",NA,The Connor’s,NA,NA,NA,NA,Vanderpump Rules,NA,4,4,5,4,4,3,4,4,6,6,4,4,5,4,6,4,4,3,3,5,4,4,3,4,4,3,4,3,4,4,2,3
154,26,"United States, NC",Woman,1,Bisexual,White,A few times per week,Often,Often,"Dramas,Comedies,Action/Adventure,Reality TV",NA,NA,NA,NA,NA,NA,NA,NA,5,6,6,5,4,4,5,4,3,4,5,4,4,4,3,5,4,4,4,4,4,3,4,5,5,4,4,5,4,4,4,5
155,30,"United States, NC","Nonbinary, genderfluid, two-spirit, or gender non-conforming",1,Queer,White,A few times per month,Often,Sometimes,"Dramas,Romance,Others, please specify:",NA,NA,NA,NA,NA,NA,NA,Anime,2,4,3,3,4,4,6,4,3,4,3,2,4,6,5,4,4,4,3,4,4,2,6,6,6,5,6,6,6,6,3,4
156,32,"United States, NC",Woman,0,Pansexual,Black or African-American,A few times per week,Often,Rarely,"Dramas,Comedies,Documentaries,Romance,Science Fiction/Fantasy",NA,NA,NA,NA,NA,NA,NA,NA,5,5,4,4,3,4,5,3,4,3,3,4,4,5,5,5,5,4,4,5,4,6,6,5,5,3,4,4,5,3,5,4
157,35,"United States, NC",Woman,0,Bisexual,White,A few times per month,Sometimes,Rarely,"Dramas,Comedies,Action/Adventure,Science Fiction/Fantasy",NA,NA,NA,NA,NA,NA,NA,NA,4,4,5,4,4,4,5,4,4,4,5,4,4,4,4,4,5,5,4,5,4,5,4,4,5,4,3,4,4,3,3,4
158,46,"United States, NC",Woman,0,Gay or Lesbian,White,A few times per week,Always,Sometimes,"Dramas,Comedies,Documentaries,Romance,Action/Adventure,Science Fiction/Fantasy,Reality TV",The L Word,The Fosters; Orange Is The New Black; Dickinson; A League Of Their Own,A Secret Love,NA,NA,Lost Girl; Wynonna Earp,NA,NA,4,4,5,4,4,4,4,4,3,4,4,2,2,4,3,5,4,3,5,5,5,5,5,5,5,5,5,4,4,4,5,5
159,29,"United States, OH",Man,0,Bisexual,White,Daily,Sometimes,Rarely,Reality TV,NA,NA,NA,NA,NA,NA,"Below Deck, Survivor",NA,4,4,5,4,4,4,4,5,5,5,5,4,4,4,4,4,4,4,4,4,4,4,4,4,4,4,4,4,4,4,4,4
160,35,"United States, OH",Woman,0,Pansexual,White,A few times per week,Sometimes,Sometimes,"Dramas,Comedies,Documentaries,Science Fiction/Fantasy",NA,Bob's Burgers,NA,NA,NA,Shadow And Bone,NA,NA,4,5,4,5,3,4,4,4,4,4,4,4,3,4,3,5,4,4,5,4,5,4,6,5,4,4,4,5,4,3,5,5
161,26,"United States, OR",Woman,0,Gay or Lesbian,White,A few times per month,Often,Sometimes,"Romance,Action/Adventure,Science Fiction/Fantasy,Others, please specify:",NA,NA,NA,NA,NA,NA,NA,Childrens Shows,5,4,5,4,4,3,4,4,4,5,5,5,5,6,6,6,6,6,6,6,6,5,6,6,6,5,6,6,4,6,6,6
162,42,"United States, OR",Man,0,Pansexual,White,A few times per week,Sometimes,Rarely,Comedies,NA,What We Do In The Shadows,NA,NA,NA,NA,NA,NA,4,4,4,4,4,4,4,5,4,4,4,5,3,5,5,4,4,4,5,5,5,5,5,5,5,4,4,4,5,5,5,5
163,22,"United States, PA",Woman,0,Bisexual,White,A few times per week,Sometimes,Rarely,Dramas,NA,NA,NA,NA,NA,NA,NA,NA,3,4,4,4,5,5,5,3,3,3,3,4,4,3,3,3,3,3,3,3,3,3,3,3,3,3,3,3,3,3,2,4
164,35,"United States, PA",Woman,0,Bisexual,White,A few times per week,Often,Rarely,"Dramas,Science Fiction/Fantasy",NA,NA,NA,NA,NA,NA,NA,NA,4,4,5,4,4,4,4,5,4,4,4,5,4,4,5,5,4,4,5,5,5,4,5,5,6,5,3,4,3,5,4,3
165,40,"United States, PA",Woman,0,Pansexual,White,A few times per month,Sometimes,Rarely,"Dramas,Comedies,Documentaries",NA,NA,NA,NA,NA,NA,NA,NA,3,3,3,3,4,5,5,5,4,5,4,4,4,4,5,4,4,4,4,4,4,4,4,5,5,2,5,5,4,4,4,4
166,43,"United States, PA",Woman,0,Asexual,"Black or African-American,White",A few times per week,Rarely,Sometimes,"Dramas,Comedies,Reality TV,Others, please specify:",Schitts Creek,Love Victor,NA,NA,NA,NA,A Wide Range Of Reality Shows,Sitcoms Like Will And Grace,4,4,5,6,1,1,4,4,4,4,5,2,1,4,4,4,3,5,4,4,4,5,5,4,4,2,3,2,2,2,5,4
167,58,"United States, PA",Man,0,Bisexual,White,A few times per month,Rarely,Never,"Comedies,Science Fiction/Fantasy",NA,"Will & Grace, Beverly Hills Cop",NA,NA,NA,Star Trek,NA,NA,2,2,3,2,4,4,4,5,3,3,3,1,2,3,2,2,1,2,2,2,3,2,4,4,2,2,2,2,2,1,2,2
168,39,"United States, TX",Woman,0,Pansexual,White,Daily,Never,Never,"Dramas,Documentaries,Science Fiction/Fantasy,Reality TV",NA,NA,NA,NA,NA,NA,NA,NA,2,5,5,5,2,2,2,5,5,5,5,5,5,5,5,5,5,5,5,5,5,5,5,5,5,5,5,5,5,5,5,5
169,40,"United States, TX",Man,0,Asexual,Black or African-American,A few times per week,Sometimes,Sometimes,"Dramas,Comedies,Documentaries,Romance,Action/Adventure,Science Fiction/Fantasy,Reality TV",Pose,Schitt’s Creek,Disclosure,Heartstopper,The Wilds,Moonlight,Rupaul’s Drag Race,NA,1,1,1,1,6,6,6,6,6,6,6,1,1,1,1,1,1,1,1,1,1,1,1,1,1,1,1,1,1,1,1,1
170,46,"United States, TX",Woman,0,Bisexual,White,A few times per month,Rarely,Sometimes,"Dramas,Comedies",Pose,Schitt's Creek,NA,NA,NA,NA,NA,NA,4,4,3,5,3,3,4,4,4,5,5,5,4,5,4,4,4,4,5,4,5,5,4,5,3,4,4,3,3,3,4,4
171,41,"United States, VA",Woman,0,Bisexual,Black or African-American,A few times per week,Sometimes,Sometimes,Comedies,NA,NA,NA,NA,NA,NA,NA,NA,3,3,3,3,5,5,5,4,5,5,4,4,4,4,5,5,5,5,5,5,5,5,5,5,5,5,4,4,5,5,5,5
172,27,"United States, WA","Nonbinary, genderfluid, two-spirit, or gender non-conforming",1,Asexual,White,A few times per month,Sometimes,Rarely,Science Fiction/Fantasy,NA,NA,NA,NA,NA,Doctor Who,NA,NA,4,4,4,4,4,4,5,2,3,4,3,5,6,5,4,5,4,4,2,4,3,5,4,5,6,4,4,4,3,3,4,5
173,39,"United States, WI",Woman,0,Bisexual,Black or African-American,A few times per month,Sometimes,Sometimes,"Dramas,Romance,Reality TV",NA,NA,NA,NA,NA,NA,NA,NA,4,5,4,4,3,3,4,4,5,4,4,4,4,5,4,4,4,4,4,5,5,5,4,4,4,2,4,4,4,4,5,4
174,44,"United States, WI",Woman,0,Bisexual,White,A few times per month,Sometimes,Rarely,"Dramas,Comedies,Romance,Science Fiction/Fantasy,Reality TV","Euphoria, The White Lotus, Yellowjackets, The Last Of Us, I May Destroy You","Schitt’s Creek, Hacks, Broad City",NA,Heartstopper,NA,Interview With The Vampire,Queer Eye,NA,4,3,4,3,4,4,4,5,5,5,5,4,3,3,3,3,3,3,5,5,4,3,4,4,4,3,4,3,3,3,4,3
