StartDate,EndDate,Status,IPAddress,Progress,Duration (in seconds),Finished,RecordedDate,ResponseId,RecipientLastName,RecipientFirstName,RecipientEmail,ExternalReference,LocationLatitude,LocationLongitude,DistributionChannel,UserLanguage,ID,Consent,Age,Country,State (US),Gender Identity,Gender Identity_4_TEXT,Transgender,Sexual Orientation,Sexual Orientation_5_TEXT,Race,Ethnicity,Education,Queer Character,Frequency,Type,Type_1_TEXT,Type_2_TEXT,Type_3_TEXT,Type_4_TEXT,Type_5_TEXT,Type_6_TEXT,Type_7_TEXT,Type_8_TEXT,Actively seek out,Discussion,Importance,Authenticity_1,Authenticity_2,Authenticity_3,Authenticity_4,Stereotype_1,Stereotype_2,Stereotype_3,Intersectionality_1,Intersectionality_2,Intersectionality_3,Intersectionality_4,Individual_1,Individual_2,Individual_3,Individual_4,Individual_5,Individual_6,Individual_7,Group_1,Group_2,Group_3,Group_4,Group_5,Group_6,Psychological_1,Psychological_2,Psychological_3,Psychological_4,Psychological_5,Psychological_6,Psychological_7,Psychological_8
Start Date,End Date,Response Type,IP Address,Progress,Duration (in seconds),Finished,Recorded Date,Response ID,Recipient Last Name,Recipient First Name,Recipient Email,External Data Reference,Location Latitude,Location Longitude,Distribution Channel,User Language,"Welcome to the survey. Before we begin, please enter your CORRECT Prolific ID and click on Continue.



(This ID MUST match your ID on Prolific for you to get paid.)","INFORMED CONSENT


Many thanks for participating in a study online at Prolific. The principal researcher for today’s study is: Veronica (dropgrace36@gmail.com)



In this HIT, you will be completing several surveys about media consumption and individual feelings. Your participation will take approximately 5 minutes.



The study is purely for academic purposes. We do not conduct studies on behalf of private companies.



There are no risks involved in this study. Your participation in this study is voluntary. Your data will remain completely confidential and will not be released in any way that can be linked to you. Data from this study will be kept locked or password-protected and will be destroyed when no longer needed for research purposes.



I declare being of age and accept of free will, after having read and fully understood the above paragraphs, to participate in the study.",How old are you? (Please type number),List of Countries,"50 States, D.C. and Puerto Rico",Which of the following best describes your gender? - Selected Choice,"Which of the following best describes your gender? - Others, please specify: - Text",Are you transgender?,Which of the following best describes your sexual orientation? - Selected Choice,Which of the following best describes your sexual orientation? - Other (please specify): - Text,Please check all options with which you identify:,Please select one with which you most closely identify:,What is the highest level of education you have completed?,"Please read the description carefully:



""Queer characters"" refer to individuals in TV shows or movies who identify as part of the LGBTQ+ community, including but not limited to lesbian, gay, bisexual, transgender, non-binary, queer, questioning, intersex, asexual, or other diverse sexual orientations and gender identities. These characters may play central roles, supporting roles, or appear as part of the storyline, and their identities may or may not be explicitly addressed in the narrative.",How often do you watch TV shows or movies that feature queer characters or storylines?,What type of TV shows or movies with queer representation do you prefer to watch? (Select all that apply). Please feel free to suggest 1-2 shows or movies for the category you have chosen. - Selected Choice,What type of TV shows or movies with queer representation do you prefer to watch? (Select all that apply). Please feel free to suggest 1-2 shows or movies for the category you have chosen. - Dramas - Text,What type of TV shows or movies with queer representation do you prefer to watch? (Select all that apply). Please feel free to suggest 1-2 shows or movies for the category you have chosen. - Comedies - Text,What type of TV shows or movies with queer representation do you prefer to watch? (Select all that apply). Please feel free to suggest 1-2 shows or movies for the category you have chosen. - Documentaries - Text,What type of TV shows or movies with queer representation do you prefer to watch? (Select all that apply). Please feel free to suggest 1-2 shows or movies for the category you have chosen. - Romance - Text,What type of TV shows or movies with queer representation do you prefer to watch? (Select all that apply). Please feel free to suggest 1-2 shows or movies for the category you have chosen. - Action/Adventure - Text,What type of TV shows or movies with queer representation do you prefer to watch? (Select all that apply). Please feel free to suggest 1-2 shows or movies for the category you have chosen. - Science Fiction/Fantasy - Text,What type of TV shows or movies with queer representation do you prefer to watch? (Select all that apply). Please feel free to suggest 1-2 shows or movies for the category you have chosen. - Reality TV - Text,"What type of TV shows or movies with queer representation do you prefer to watch? (Select all that apply). Please feel free to suggest 1-2 shows or movies for the category you have chosen. - Others, please specify: - Text",Do you actively seek out TV shows or movies that feature queer representation?,"How often do you engage in discussions about queer representation in TV shows or movies online (e.g., forums, social media)?",How important is queer representation in your choice of TV shows or movies?,Please select the choices that are mostly related to your opinion: - I find the queer characters in TV shows or movies reflect my own experiences or identity,Please select the choices that are mostly related to your opinion: - Queer characters in TV shows or movies align with the realities and challenges faced by people like me.,Please select the choices that are mostly related to your opinion: - I find the queer characters in TV shows or movies relatable to people I know in real life,Please select the choices that are mostly related to your opinion: - I feel that the queer characters in TV shows or movies are portrayed as multi-dimensional individuals I encounter in daily life,Please select the choices that are mostly related to your opinion: - I feel that queer characters in TV shows or movies are portrayed in a way that reinforces stereotypes,Please select the choices that are mostly related to your opinion: - I think queer characters in TV shows or movies are portrayed in stereotypical ways,"Please select the choices that are mostly related to your opinion: - I notice queer characters being assigned stereotypical traits or behaviors (e.g., overly flamboyant, hypersexualized, or tragic) in TV shows or movies",Please select the choices that are mostly related to your opinion: - The TV shows or movies I watch include queer characters who represent different racial and ethnic backgrounds,"Please select the choices that are mostly related to your opinion: - The portrayal of queer characters in TV shows or movies reflects the complexity of their lives, including factors like socioeconomic status or cultural background","Please select the choices that are mostly related to your opinion: - Queer characters in TV shows or movies are portrayed as having diverse experiences shaped by multiple aspects of their identity (e.g., race, gender, class)","Please select the choices that are mostly related to your opinion: - Queer characters in TV shows or movies are shown navigating challenges related to multiple aspects of their identity (e.g., being both queer and a person of color)",Please select the choices that are mostly related to your opinion: - Seeing queer characters in TV shows or movies helps me better understand my own identity,Please select the choices that are mostly related to your opinion: - Queer characters in media help me explore aspects of my identity that were previously unclear to me,Please select the choices that are mostly related to your opinion: - Queer characters in media make me feel more self-accepting of my sexual orientation or gender identity,Please select the choices that are mostly related to your opinion: - Queer characters in TV shows or movies make me feel better about myself,Please select the choices that are mostly related to your opinion: - I feel more confident expressing my identity after seeing portrayals of queer characters in TV shows or movies,Please select the choices that are mostly related to your opinion: - Seeing queer characters overcome challenges in TV shows or movies inspires me to face challenges in my own life,Please select the choices that are mostly related to your opinion: - Queer characters in TV shows or movies provide me with role models who demonstrate strength and perseverance,Please select the choices that are mostly related to your opinion: - Seeing queer characters in TV shows or movies makes me feel more connected to the LGBTQ+ community,Please select the choices that are mostly related to your opinion: - The portrayal of queer characters in media reminds me that I am part of a larger community,Please select the choices that are mostly related to your opinion: - Seeing queer characters in TV shows or movies makes me feel like I belong to a supportive community,"Please select the choices that are mostly related to your opinion: - When I see queer characters in media, I feel less alone in my experiences",Please select the choices that are mostly related to your opinion: - Queer characters in TV shows or movies make me feel that the LGBTQ+ community is more visible and valued in society,Please select the choices that are mostly related to your opinion: - The inclusion of queer characters in media makes me feel that my community is being heard and represented,Please select the choices that are mostly related to your opinion: - Seeing queer characters in TV shows or movies makes me feel happier and more optimistic,"Please select the choices that are mostly related to your opinion: - Seeing queer characters in TV shows or movies helps me process negative emotions, such as sadness or frustration",Please select the choices that are mostly related to your opinion: - Queer characters in TV shows or movies make me feel safe to express my identity,Please select the choices that are mostly related to your opinion: - Queer representation in media creates a sense of emotional safety for me,Please select the choices that are mostly related to your opinion: - Queer characters help reduce the stress I feel about being judged for my identity,"Please select the choices that are mostly related to your opinion: - When I feel stressed or anxious, watching TV shows or movies with queer representation helps me feel calmer",Please select the choices that are mostly related to your opinion: - Watching queer characters thrive in their personal and professional lives increases my overall satisfaction with life,Please select the choices that are mostly related to your opinion: - Queer representation in media gives me hope that my future can be fulfilling and meaningful
"{""ImportId"":""startDate"",""timeZone"":""America/Denver""}","{""ImportId"":""endDate"",""timeZone"":""America/Denver""}","{""ImportId"":""status""}","{""ImportId"":""ipAddress""}","{""ImportId"":""progress""}","{""ImportId"":""duration""}","{""ImportId"":""finished""}","{""ImportId"":""recordedDate"",""timeZone"":""America/Denver""}","{""ImportId"":""_recordId""}","{""ImportId"":""recipientLastName""}","{""ImportId"":""recipientFirstName""}","{""ImportId"":""recipientEmail""}","{""ImportId"":""externalDataReference""}","{""ImportId"":""locationLatitude""}","{""ImportId"":""locationLongitude""}","{""ImportId"":""distributionChannel""}","{""ImportId"":""userLanguage""}","{""ImportId"":""QID1_TEXT""}","{""ImportId"":""QID2""}","{""ImportId"":""QID3_TEXT""}","{""ImportId"":""QID4""}","{""ImportId"":""QID5""}","{""ImportId"":""QID6""}","{""ImportId"":""QID6_4_TEXT""}","{""ImportId"":""QID7""}","{""ImportId"":""QID8""}","{""ImportId"":""QID8_5_TEXT""}","{""ImportId"":""QID9""}","{""ImportId"":""QID10""}","{""ImportId"":""QID11""}","{""ImportId"":""QID12""}","{""ImportId"":""QID13""}","{""ImportId"":""QID14""}","{""ImportId"":""QID14_1_TEXT""}","{""ImportId"":""QID14_2_TEXT""}","{""ImportId"":""QID14_3_TEXT""}","{""ImportId"":""QID14_4_TEXT""}","{""ImportId"":""QID14_5_TEXT""}","{""ImportId"":""QID14_6_TEXT""}","{""ImportId"":""QID14_7_TEXT""}","{""ImportId"":""QID14_8_TEXT""}","{""ImportId"":""QID16""}","{""ImportId"":""QID15""}","{""ImportId"":""QID18""}","{""ImportId"":""QID19_1""}","{""ImportId"":""QID19_2""}","{""ImportId"":""QID19_3""}","{""ImportId"":""QID19_4""}","{""ImportId"":""QID20_1""}","{""ImportId"":""QID20_2""}","{""ImportId"":""QID20_3""}","{""ImportId"":""QID21_1""}","{""ImportId"":""QID21_2""}","{""ImportId"":""QID21_3""}","{""ImportId"":""QID21_4""}","{""ImportId"":""QID22_1""}","{""ImportId"":""QID22_2""}","{""ImportId"":""QID22_3""}","{""ImportId"":""QID22_4""}","{""ImportId"":""QID22_5""}","{""ImportId"":""QID22_6""}","{""ImportId"":""QID22_7""}","{""ImportId"":""QID23_1""}","{""ImportId"":""QID23_2""}","{""ImportId"":""QID23_3""}","{""ImportId"":""QID23_4""}","{""ImportId"":""QID23_5""}","{""ImportId"":""QID23_6""}","{""ImportId"":""QID24_1""}","{""ImportId"":""QID24_2""}","{""ImportId"":""QID24_3""}","{""ImportId"":""QID24_4""}","{""ImportId"":""QID24_5""}","{""ImportId"":""QID24_6""}","{""ImportId"":""QID24_7""}","{""ImportId"":""QID24_8""}"
2025/2/1 23:55,2025/2/1 23:58,0,41.145.193.16,100,200,1,2025/2/1 23:58,R_2T9DzADbvWUuTxD,,,,,-26.2309,28.0583,anonymous,EN,60a4d771dee801a5f428e1b6,1,22,161,,1,,1,1,,3,2,3,1,3,7,,,,,,,,,1,1,3,1,4,1,1,1,1,1,5,3,2,4,1,1,1,1,1,1,1,1,1,2,3,2,1,1,1,1,1,1,3,1,1
2025/2/1 23:54,2025/2/1 23:59,0,102.217.176.246,100,313,1,2025/2/1 23:59,R_2dEqc8cjKQLMBxf,,,,,-33.914,18.4129,anonymous,EN,66ea55db1389d3f281e7aea1,1,48,161,,2,,1,5,Straight,3,2,3,1,1,"1,2,3,4",,,,,,,,,4,3,4,4,5,5,6,4,6,5,5,6,4,4,5,6,6,5,6,6,4,5,5,4,6,4,5,5,3,5,6,6,4,4,5
2025/2/1 23:56,2025/2/1 23:59,0,75.157.178.20,100,219,1,2025/2/1 23:59,R_3auTO86KMUiCi1r,,,,,49.1617,-123.175,anonymous,EN,5c0244a7d183df000141f793,1,42,31,,1,,1,3,,2,2,8,1,4,"2,4,5",,,,,,,,,3,2,3,3,4,4,4,5,5,5,3,3,3,3,3,3,3,4,4,4,4,3,3,3,3,3,3,3,3,3,3,3,3,3,3
2025/2/1 23:54,2025/2/2 0:00,0,37.48.4.113,100,361,1,2025/2/2 0:00,R_8J4bSkj4WjyRGIX,,,,,50.0883,14.4124,anonymous,EN,5e64bf2855bf352309a390f0,1,26,45,,3,,2,4,,5,2,8,1,4,"1,4",,,,,,,,,3,4,4,2,2,4,5,4,4,5,5,4,4,4,4,3,5,5,4,4,3,4,4,4,4,4,3,4,4,4,4,4,2,4,3
2025/2/1 23:58,2025/2/2 0:02,0,133.32.226.171,100,243,1,2025/2/2 0:02,R_4m7SkTb2WZLtLJ7,,,,,35.6837,139.6805,anonymous,EN,5f7694edc99f3112b494e122,1,42,86,,1,,1,2,,5,1,4,1,2,7,,,,,,,Rupaul's drag race,,3,1,3,3,3,3,3,5,5,5,5,4,4,4,3,3,3,3,3,3,3,4,4,3,3,5,5,4,3,4,3,3,4,3,3
2025/2/1 23:54,2025/2/2 0:03,0,207.230.114.134,100,489,1,2025/2/2 0:03,R_1MQBbIfqorJYpo4,,,,,37.751,-97.822,anonymous,EN,6571b7926b9000addc21c8a4,1,39,187,51,1,,1,2,,3,2,8,1,3,"1,4,7",,,,,,,,,3,3,3,4,5,4,4,3,3,4,4,5,4,4,4,4,5,4,4,4,4,4,5,5,5,4,4,4,2,4,4,4,4,5,4
2025/2/1 23:56,2025/2/2 0:03,0,41.150.224.245,100,383,1,2025/2/2 0:03,R_81iFVbjRl6e1BEn,,,,,-26.2309,28.0583,anonymous,EN,6731d17acedf6e2fc6c727cc,1,50,161,,2,,1,1,,3,2,9,1,1,"3,7",,,,,,,,,4,4,4,5,6,5,6,5,6,4,5,5,6,6,5,6,4,5,5,6,5,4,6,5,5,3,5,5,6,6,5,6,5,6,5
2025/2/1 23:57,2025/2/2 0:03,0,77.222.236.52,100,354,1,2025/2/2 0:03,R_8LLlf2t4AfExMWX,,,,,54.4691,18.4572,anonymous,EN,5f245764a137ac00089e6c7d,1,26,137,,1,,1,2,,5,2,4,1,4,"1,5,8",various K-dramas,,,,Arcane,,,horror Haunting of Bly Manor,2,3,3,4,4,3,4,5,4,4,2,1,3,2,2,2,4,4,2,4,4,4,2,3,3,5,5,4,4,5,3,4,2,5,4
2025/2/1 23:59,2025/2/2 0:03,0,107.2.150.47,100,219,1,2025/2/2 0:03,R_3rUXptmq6FK7NBL,,,,,39.8693,-105.0036,anonymous,EN,65983b74a9fb0692d4410f33,1,39,187,6,2,,1,2,,2,2,7,1,3,"2,7",,Schitt's Creek,,,,,queer eye,,2,2,4,5,5,5,5,3,4,5,5,5,4,5,5,4,4,5,4,5,4,5,5,5,5,5,5,5,4,5,4,4,5,5,5
2025/2/1 23:55,2025/2/2 0:03,0,67.52.112.122,100,483,1,2025/2/2 0:03,R_3HEriIwLNG3a5gZ,,,,,33.6647,-117.9663,anonymous,EN,5cf83d28310c7a0001a9cf2e,1,26,187,5,1,,2,3,,5,2,7,1,2,"5,6",,,,,"Adventure Time, She-Ra",The Owl House,,,4,2,4,5,4,4,4,4,4,4,6,5,5,4,5,5,5,5,6,6,6,4,5,4,5,6,5,5,3,5,3,3,6,4,5
2025/2/1 23:56,2025/2/2 0:04,0,86.11.161.227,100,514,1,2025/2/2 0:04,R_8d3HYENR6xkvLWa,,,,,53.3896,-2.2801,anonymous,EN,671d15a1fa97113ecf03ca24,1,35,185,,1,,2,2,,"3,5",1,8,1,3,"1,2,4",,,,,,,,,2,3,4,4,5,4,5,5,4,4,4,5,6,5,5,4,5,4,5,6,5,5,4,5,6,5,4,4,5,6,5,4,5,6,5
2025/2/2 0:00,2025/2/2 0:04,0,185.134.137.72,100,241,1,2025/2/2 0:04,R_24cJWtTMxxWhCFi,,,,,50.1049,8.6295,anonymous,EN,66699c5067ce8c66a3c9c5e5,1,31,65,,2,,1,3,,2,2,7,1,3,"1,2,4,5,6",Looking,,,Heartstopper,,,,,3,2,5,3,3,2,4,4,4,4,3,2,2,3,3,4,4,4,4,4,4,4,4,3,3,5,5,4,3,4,4,4,4,4,4
2025/2/1 23:58,2025/2/2 0:04,0,142.113.159.91,100,419,1,2025/2/2 0:05,R_7y7sVmVsDtwHQI4,,,,,42.9515,-81.3386,anonymous,EN,667add18c3c6f4c3a648d795,1,26,31,,2,,1,2,,5,2,3,1,4,"1,2,5,6",,,,,,,,,2,2,4,3,3,4,3,4,4,5,4,3,3,3,2,2,4,2,2,3,2,2,2,2,2,4,4,2,2,2,2,2,2,2,2
2025/2/1 23:56,2025/2/2 0:05,0,197.89.11.195,100,514,1,2025/2/2 0:05,R_82Jtf8kYMBiinnb,,,,,-26.2309,28.0583,anonymous,EN,6758361c3f0751922e516e61,1,25,161,,1,,1,1,,3,2,7,1,2,"2,7",,,,,,,,,1,3,5,2,6,6,6,4,3,3,6,6,6,6,6,6,6,6,6,6,6,4,6,6,6,4,6,6,6,6,6,6,6,6,6
2025/2/1 23:55,2025/2/2 0:05,0,41.144.33.148,100,575,1,2025/2/2 0:05,R_8sh6mYQdHCdcf53,,,,,-29.8427,31.0141,anonymous,EN,67390926c95671f181e0ef6c,1,28,161,,1,,1,1,,3,1,4,1,1,"1,2,5,7",,,,,,,,,2,3,3,4,4,5,5,5,4,4,4,4,5,6,6,6,6,6,6,6,5,4,4,6,3,4,4,4,4,5,5,5,5,5,5
2025/2/1 23:58,2025/2/2 0:06,0,105.8.6.88,100,471,1,2025/2/2 0:06,R_2EGgL6sdSg5pl9h,,,,,-29,24,anonymous,EN,67360f90afdaf56f958c1893,1,22,161,,2,,1,1,,3,2,7,1,1,"1,2,3,4",isitha,the birdcage,paris is burning,call me by your name,,,,,3,3,3,3,5,5,6,5,4,5,4,5,4,5,5,4,5,4,5,4,5,5,3,5,4,3,3,5,4,5,4,5,4,5,4
2025/2/1 23:57,2025/2/2 0:06,0,105.1.183.137,100,516,1,2025/2/2 0:06,R_8Ic8Wgio2o7K8ud,,,,,-29.8553,31.0428,anonymous,EN,6758dce9509fac51e09f54f5,1,27,161,,1,,1,1,,3,2,8,1,1,1,Uzalo,,,,,,,,2,3,4,5,5,4,5,6,6,5,6,6,6,6,6,5,5,6,5,5,5,6,6,6,5,6,6,5,5,5,6,6,5,5,5
2025/2/1 23:56,2025/2/2 0:07,0,107.180.172.215,100,616,1,2025/2/2 0:07,R_3cZmdpdRbdvsW5Y,,,,,37.751,-97.822,anonymous,EN,678cd47bd3288dabe6543872,1,22,187,33,2,,1,2,,3,2,7,1,2,"1,4,5,6,7",,,,,,,,,3,3,3,5,5,5,5,4,3,4,5,5,5,5,4,5,5,5,5,6,6,5,5,5,5,5,5,5,5,5,5,5,5,6,5
2025/2/2 0:00,2025/2/2 0:07,0,72.138.118.251,100,394,1,2025/2/2 0:07,R_3HN7N6CUkRPubEi,,,,,49.2643,-123.0961,anonymous,EN,66a8573cd6545303d495bfb6,1,26,31,,1,,1,2,,2,2,8,1,4,"5,7",,,,,Arcane ,,Queer eye,,1,1,1,2,2,2,1,6,6,6,1,1,1,1,1,1,5,1,1,1,1,1,1,1,1,2,4,2,2,2,2,2,2,2,2
2025/2/1 23:58,2025/2/2 0:08,0,105.245.28.196,100,614,1,2025/2/2 0:08,R_2oEaEX1BEN9rLEd,,,,,-26.2309,28.0583,anonymous,EN,66a49eee8c8a7fc5a021a7d7 ,1,20,161,,1,,1,2,,3,2,7,1,1,"1,2,6",,,,,,,,,2,4,4,3,4,5,5,6,6,6,5,4,5,5,4,4,6,6,5,5,5,5,6,5,6,6,6,5,5,5,5,4,5,5,4
2025/2/1 23:57,2025/2/2 0:09,0,119.238.200.48,100,705,1,2025/2/2 0:09,R_4YPb3yIQ0MiFjVN,,,,,35.6837,139.6805,anonymous,EN,65cb0f21257c8a98f470bb5d,1,33,86,,1,,1,2,,5,2,5,1,3,"1,2,7","Portrait of a lady on fire, The Handmaiden ","Bottoms, Brooklyn 99",,,,,"The Ultimatum (queer love), Ru Pauls Drag Race",,3,3,3,3,3,3,4,3,3,4,5,4,4,4,4,5,5,5,5,5,4,4,4,4,5,6,5,5,3,4,4,4,5,5,4
2025/2/1 23:57,2025/2/2 0:09,0,206.251.203.216,100,688,1,2025/2/2 0:09,R_3I79fvs5W58MWSR,,,,,37.751,-97.822,anonymous,EN,677544d2f599a6b3e9789edb,1,26,187,4,2,,2,2,,3,2,7,1,2,"4,5",,,,,,,,,4,2,3,4,5,5,5,5,4,3,5,4,5,5,4,5,4,5,5,4,5,4,5,4,3,4,5,5,3,4,3,5,5,4,6
2025/2/2 0:07,2025/2/2 0:09,0,92.40.191.120,100,159,1,2025/2/2 0:09,R_2jh0tRCqy40P2h3,,,,,52.9991,-1.1963,anonymous,EN,60e39059c89cadf89f4e29eb,1,26,185,,1,,1,2,,5,2,8,1,3,"1,2,4",,,,,,,,,2,3,3,4,5,4,2,5,3,5,6,5,4,4,5,5,5,5,4,3,4,5,4,4,4,4,3,5,4,5,5,5,5,5,5
2025/2/2 0:00,2025/2/2 0:10,0,212.142.70.71,100,588,1,2025/2/2 0:10,R_8qb1ttcOczqgPCg,,,,,56.9473,24.0979,anonymous,EN,60acc8eee212cf1c37241f3c,1,31,94,,1,,1,2,,5,2,2,1,2,"1,3",,,,,,,,,1,1,1,1,2,4,2,6,6,5,5,5,5,3,3,3,3,1,1,1,1,1,1,1,1,3,1,3,2,2,2,2,2,2,2
2025/2/1 23:55,2025/2/2 0:10,0,107.180.172.36,100,869,1,2025/2/2 0:10,R_14krq6kSUbGpFv1,,,,,37.751,-97.822,anonymous,EN,6747a4e8ac0b82dcc906657f,1,24,187,4,2,,2,3,,3,2,7,1,1,"1,4",,,,,,,,,3,3,3,4,5,5,5,4,5,4,5,4,5,6,4,5,6,5,4,4,5,3,4,4,5,5,5,5,4,4,4,5,4,4,3
2025/2/2 0:00,2025/2/2 0:10,0,76.87.54.28,100,595,1,2025/2/2 0:10,R_3C2YWG8Tqhty5KG,,,,,34.0068,-118.2562,anonymous,EN,60e68d7dc0d998d1c7842a65,1,45,187,5,2,,1,4,,3,2,6,1,3,"1,2",Billions,Will and Grace,,,,,,,1,1,3,3,4,4,3,4,4,4,6,4,5,5,4,3,4,4,3,3,4,3,4,4,4,4,3,4,4,4,5,3,3,4,4
2025/2/2 0:00,2025/2/2 0:10,0,89.65.160.128,100,647,1,2025/2/2 0:10,R_8e8oJt98Jm77g02,,,,,52.2697,20.9936,anonymous,EN,5ee43a8e2ec5ba13df088f5e,1,47,137,,1,,1,2,,5,2,3,1,3,"1,2",,,,,,,,,3,2,3,4,4,4,4,4,4,4,5,5,5,5,3,3,4,4,4,3,3,4,5,4,4,5,4,4,4,3,3,4,3,3,3
2025/2/2 0:01,2025/2/2 0:11,0,41.150.249.159,100,614,1,2025/2/2 0:11,R_2GDC8sVm4ZFhYp7,,,,,-25.757,28.1443,anonymous,EN,6691fe909352702ee451b38e,1,21,161,,1,,1,2,,3,2,7,1,2,2,,bros,,,,,,,1,3,3,3,4,5,5,4,4,5,4,5,4,4,2,2,4,3,4,4,4,5,5,5,5,5,5,4,1,5,5,4,2,4,5
2025/2/1 23:57,2025/2/2 0:11,0,41.13.228.71,100,846,1,2025/2/2 0:11,R_8esmN6eqclzfeMP,,,,,-33.9258,18.4259,anonymous,EN,677684e616d9aa2f28e4fe03,1,21,161,,1,,2,2,,3,2,5,1,2,"1,2,5,7","House of zwide, Scandal, Isitha,Smoke and mirrors",Steve harvey,,,Jackie chan,,America's got talent,,2,2,2,4,5,4,4,3,4,5,5,2,4,4,5,6,5,6,5,5,6,6,5,5,5,5,5,5,5,5,6,5,6,6,5
2025/2/2 0:05,2025/2/2 0:14,0,196.250.192.84,100,517,1,2025/2/2 0:14,R_3APHGhlkrAo1kzf,,,,,-26.2309,28.0583,anonymous,EN,66c736c507f085e19071d618,1,31,161,,2,,1,2,,3,2,2,1,1,"3,5,7",,,,,,,,,3,3,4,4,5,6,5,5,4,3,5,6,6,5,5,4,5,4,5,5,4,5,6,6,4,6,6,5,4,5,5,5,5,4,6
2025/2/2 0:01,2025/2/2 0:16,0,206.251.202.170,100,910,1,2025/2/2 0:16,R_3QGWyKpDEuhOpXZ,,,,,37.751,-97.822,anonymous,EN,6751894f0a3df87b61b74946,1,33,187,32,1,,1,1,,3,2,8,1,2,1,"veneno and love, simon",,,,,,,,3,2,3,4,4,5,5,5,5,4,5,5,5,5,4,5,5,4,4,4,4,4,4,4,5,5,5,5,5,5,4,5,5,5,4
2025/2/2 0:08,2025/2/2 0:17,0,107.180.170.18,100,509,1,2025/2/2 0:17,R_51gX4VqqkkiIc8K,,,,,37.751,-97.822,anonymous,EN,67892bb33ed52025ca83728b,1,23,187,33,2,,1,5,Heterosexual ,3,2,7,1,2,"1,3,4,5,7",,,,,,,,,3,3,3,4,5,4,3,4,5,3,5,6,4,4,4,5,4,5,4,5,4,5,5,4,4,5,4,4,5,4,5,4,4,4,4
2025/2/2 0:03,2025/2/2 0:17,0,149.115.43.154,100,847,1,2025/2/2 0:17,R_50udUE1Jv0KXPbY,,,,,52.2947,-113.8078,anonymous,EN,64aabad9bbe5fd3aba2c9b59,1,30,31,,1,,1,2,,5,2,6,1,3,"1,2,3,4,7",Orange is the New black,I love you phillip morris,,,,,"Rupauls Drag Race, queer eye",,2,1,3,4,4,4,4,4,4,4,5,4,5,5,3,3,3,3,2,2,2,2,2,2,2,3,2,4,2,2,2,2,3,5,3
2025/2/2 0:09,2025/2/2 0:18,0,41.56.139.112,100,510,1,2025/2/2 0:18,R_2UcUSwnZRbMaJwd,,,,,-33.914,18.4129,anonymous,EN,6721c6af9e225515403c8f2f,1,41,161,,1,,1,1,,3,2,8,1,1,"1,2,5",,,,,,,,,3,3,4,5,6,5,5,5,5,5,5,5,5,5,5,5,5,5,5,5,5,6,6,5,5,5,5,6,5,5,5,5,6,6,5
2025/2/2 0:00,2025/2/2 0:18,0,5.182.114.63,100,1071,1,2025/2/2 0:18,R_3EtS4RnU2DorKA8,,,,,21.5486,-157.8452,anonymous,EN,6777c89482a51ade89bfe1ff,1,28,187,33,2,,1,2,,3,2,7,1,3,"1,2,4,5,7","Moonlight, Call me by your name","Booksmart, The Birdcage",,"Carol, weekend","The old guard, Bond",,"Love ALLways, I kissed a girl",,4,3,3,4,5,5,5,5,4,5,6,5,5,5,4,5,5,5,5,5,5,5,5,5,5,6,5,6,3,5,5,5,5,5,5
2025/2/2 0:11,2025/2/2 0:18,0,216.120.189.81,100,418,1,2025/2/2 0:18,R_2fZthLPsasx9gqG,,,,,51.5081,-0.1278,anonymous,EN,6670687c2a93686aaa3ea236,1,20,185,,1,,1,1,,3,2,5,1,2,"1,2,3,6,7",,,,,,,,,3,3,3,4,5,4,4,4,5,5,5,4,4,4,4,5,4,4,5,4,4,4,3,4,4,4,5,5,4,4,5,4,4,5,5
2025/2/2 0:07,2025/2/2 0:19,0,172.58.182.64,100,703,1,2025/2/2 0:19,R_7y8vRkqqqSGJOMd,,,,,32.8008,-96.7884,anonymous,EN,679023dd0ba64e7702c842e9,1,40,187,45,2,,1,1,,3,2,8,1,2,"1,2,3,4,5,6,7",pose,Schitt’s Creek,disclosure,Heartstopper,The wilds,moonlight,RuPaul’s Drag Race,,3,3,3,1,1,1,1,6,6,6,6,6,6,6,1,1,1,1,1,1,1,1,1,1,1,1,1,1,1,1,1,1,1,1,1
2025/2/2 0:09,2025/2/2 0:20,0,197.185.187.32,100,693,1,2025/2/2 0:20,R_26UQ9Ysp40ztemZ,,,,,-26.2309,28.0583,anonymous,EN,67349712443d4050471efb65,1,28,161,,1,,1,2,,3,2,7,1,1,"1,2,4,5,7",Glamorous,Eastsiders,,Moonlight,,,,,4,4,5,6,6,6,6,6,6,3,6,6,6,6,6,6,6,6,6,6,6,6,6,6,6,6,6,6,6,6,6,6,6,6,6
2025/2/2 0:16,2025/2/2 0:21,0,154.66.155.77,100,307,1,2025/2/2 0:21,R_8s5lHJ8QqAn9JuZ,,,,,-26.2309,28.0583,anonymous,EN,677009b08130c3028f6a8a6d,1,21,161,,1,,1,2,,3,2,7,1,2,"1,4,7",,,,,,,,,4,3,4,5,6,6,5,5,4,6,5,6,6,6,5,6,6,5,6,6,6,6,6,6,6,6,6,6,5,5,6,5,6,6,5
2025/2/2 0:11,2025/2/2 0:22,0,41.193.144.90,100,630,1,2025/2/2 0:22,R_2rYCt8OfiCsavwu,,,,,-29.8427,31.0141,anonymous,EN,671d0e626505134afb4dc9d3,1,23,161,,1,,1,2,,3,1,6,1,1,"2,4,5,7",,,,,,,,,5,5,5,6,4,5,6,6,6,6,6,6,6,6,5,4,5,5,5,6,6,6,6,6,6,6,6,6,6,6,6,6,6,6,6
2025/2/2 0:11,2025/2/2 0:23,0,85.241.98.66,100,716,1,2025/2/2 0:23,R_2FhX3rRK6MQ5oaJ,,,,,38.7219,-9.1398,anonymous,EN,6108878a6817adc0fb1bfbf9,1,25,138,,1,,1,1,,5,2,7,1,4,"1,4,6",yellowjackets,,,heartstopper,,"buffy the vampire slayer, the society",,,2,3,2,4,2,5,4,2,3,3,5,5,5,5,5,4,6,4,4,4,5,4,5,5,6,5,4,5,4,4,4,5,3,4,4
2025/2/2 0:17,2025/2/2 0:26,0,156.0.197.78,100,539,1,2025/2/2 0:26,R_8IG0ToMoR3zEQVz,,,,,-33.914,18.4129,anonymous,EN,669f9c74e9e820403ee681d6,1,72,161,,1,,2,2,,3,1,7,1,3,"3,7",,,Rotten tomatoes ,,,,Next in fashion ,,3,2,3,5,4,4,4,4,4,4,4,4,5,6,6,4,6,5,5,6,5,5,6,6,5,6,5,3,3,5,4,3,4,4,5
2025/2/2 0:17,2025/2/2 0:27,0,41.135.120.46,100,584,1,2025/2/2 0:27,R_2ddfBe8Uo43DMqd,,,,,-29.8553,31.0428,anonymous,EN,673de5e55358da149e20d85e,1,55,161,,2,,1,1,,2,2,7,1,3,"1,2,4,5,7",,,,,,,,,3,4,3,2,4,5,6,4,5,5,5,6,6,4,6,4,3,6,6,6,6,6,6,5,6,6,6,6,1,6,5,5,6,6,5
2025/2/2 0:10,2025/2/2 0:27,0,41.132.15.192,100,1001,1,2025/2/2 0:27,R_2pRLbu2mQOSAST9,,,,,-26.2309,28.0583,anonymous,EN,6671d6c481d3578f72ab157f,1,33,161,,2,,1,2,,3,2,4,1,3,8,,,,,,,,Rent,1,2,1,2,3,2,1,2,2,6,3,3,5,3,2,1,1,1,2,1,1,2,2,2,2,2,1,1,1,1,2,1,1,1,2
2025/2/2 0:13,2025/2/2 0:31,0,41.144.96.196,100,1034,1,2025/2/2 0:31,R_8I41FiqBApl1MZe,,,,,-29.8427,31.0141,anonymous,EN,6697c8b6d9d7baa7edd8c4d3,1,28,161,,1,,1,2,,3,2,7,1,3,"1,2,3,5,6,7,8",,,,,,,,Horror,1,3,2,3,3,3,2,5,5,5,4,3,3,4,2,4,4,2,2,3,2,2,5,4,5,4,5,3,2,3,4,4,2,4,4
2025/2/2 0:14,2025/2/2 0:34,0,41.114.245.8,100,1251,1,2025/2/2 0:34,R_8OqydQ9v3Y4h0ut,,,,,-33.914,18.4129,anonymous,EN,677d53a4828fd51edc904acf,1,36,161,,1,,1,3,,3,2,10,1,2,"2,4",,Bottoms,,Happiest Season ,,,,,4,3,4,5,5,5,4,3,3,3,5,5,5,5,5,5,5,5,5,5,5,5,5,5,5,5,5,5,5,5,5,5,5,5,5
2025/2/2 0:20,2025/2/2 0:36,0,41.144.98.88,100,1002,1,2025/2/2 0:36,R_8q346xDGEnfPzFV,,,,,-29.8427,31.0141,anonymous,EN,67752371ea9a49a6406657a2,1,43,161,,1,,1,2,,3,2,8,1,2,7,,,,,,,,,3,3,3,2,5,5,6,4,4,5,5,5,5,5,5,5,5,5,5,5,5,4,5,6,6,6,5,5,5,5,5,5,5,5,5
2025/2/2 0:12,2025/2/2 0:41,0,41.144.34.88,100,1726,1,2025/2/2 0:41,R_2ZHSQIOSutwuSHq,,,,,-29.8553,31.0428,anonymous,EN,675f2d7d137ee3a0f119c0a8,1,19,161,,1,,1,1,,3,2,8,1,1,7,,,,,,,,,5,5,4,5,5,5,5,5,5,5,6,5,5,5,5,5,6,6,6,6,6,6,5,5,6,5,5,5,4,5,5,4,5,5,5
2025/2/2 0:42,2025/2/2 0:47,0,75.191.75.121,100,269,1,2025/2/2 0:47,R_3szxbobI4R3ByIM,,,,,36.1287,-79.4086,anonymous,EN,5df4d17c83907935f9a3b201,1,32,187,34,1,,1,4,,3,2,5,1,2,"1,2,3,4,6",,,,,,,,,4,2,5,5,5,4,4,3,4,5,3,4,3,3,4,4,5,5,5,5,4,4,5,4,6,6,5,5,3,4,4,5,3,5,4
2025/2/2 0:49,2025/2/2 1:01,0,41.121.107.51,100,705,1,2025/2/2 1:01,R_2oXAwlhztvwkbQL,,,,,-25.757,28.1443,anonymous,EN,668d35eb0f62647ae823f969,1,19,161,,1,,1,5,Straight woman,3,2,7,1,1,"1,4,5,7",,,,,,,,,4,5,5,6,6,6,6,6,2,2,6,6,6,6,6,6,6,6,6,6,6,6,6,6,6,6,6,6,1,6,6,6,6,6,6
2025/2/2 8:33,2025/2/2 8:37,0,37.201.192.44,100,219,1,2025/2/2 8:37,R_8zAtuxQ6AjzuwBM,,,,,50.7338,7.1042,anonymous,EN,65c78e945e4ea23e5a56a2c5,1,26,65,,2,,1,2,,5,2,7,1,2,"1,2",,,,,,,,,2,2,1,1,2,1,1,4,4,4,4,1,1,1,1,1,2,2,4,2,2,1,4,1,2,2,2,1,1,1,1,2,2,1,2
2025/2/2 8:33,2025/2/2 8:37,0,86.30.245.34,100,245,1,2025/2/2 8:37,R_2O9BscBvdhsX97P,,,,,54.58,-5.928,anonymous,EN,5c48a6ba30525a000103c068,1,32,82,,1,,1,3,,5,2,8,1,4,"1,2,3,4,6,7",,,,,,,,,4,3,3,4,4,4,4,2,2,4,4,4,5,5,4,5,6,5,5,5,5,5,5,5,5,5,5,4,5,5,5,4,5,4,5
2025/2/2 8:34,2025/2/2 8:38,0,79.116.187.143,100,239,1,2025/2/2 8:38,R_2DZySsrC54fNgmt,,,,,40.436,-3.6515,anonymous,EN,667f0ec199d18edd67681b5c,1,26,163,,2,,1,2,,5,2,2,1,4,"1,8",Squid Game,,,,,,,AliI'm a horror guy en Penny Dreadful that kind of stuff,1,3,1,2,2,2,2,5,5,5,2,2,2,2,1,1,1,1,1,1,1,1,1,1,1,1,2,1,1,1,1,1,1,1,1
2025/2/2 8:35,2025/2/2 8:39,0,69.139.25.174,100,188,1,2025/2/2 8:39,R_3qEvMe5oNFZjSQF,,,,,40.0364,-75.2219,anonymous,EN,66d1c453f3f1a47dcc6e2aef,1,22,187,39,1,,1,2,,5,2,7,1,2,1,,,,,,,,,3,2,3,3,4,4,4,5,5,5,3,3,3,3,4,4,3,3,3,3,3,3,3,3,3,3,3,3,3,3,3,3,3,2,4
2025/2/2 8:33,2025/2/2 8:39,0,2.223.189.22,100,315,1,2025/2/2 8:39,R_2fxlJ06WNY9tqnL,,,,,55.9133,-3.0129,anonymous,EN,67434bb046e285fcfb0b0dfa,1,25,185,,1,,1,1,,3,2,8,1,1,5,,,,,Night action,,,,3,3,2,3,4,4,4,4,4,4,4,4,3,3,4,4,4,3,4,5,5,5,5,5,3,4,5,5,4,4,4,4,3,2,3
2025/2/2 8:35,2025/2/2 8:39,0,146.198.53.97,100,261,1,2025/2/2 8:39,R_807rfL01EirUItR,,,,,54.6,-1.55,anonymous,EN,5ea9e36155624e14a9a64525,1,36,185,,1,,1,2,,5,2,3,1,3,"1,2,4,7",,,,,,,,,3,2,4,5,4,5,5,4,4,4,3,4,4,3,4,4,5,4,4,4,3,4,4,5,5,6,5,5,3,5,4,5,4,4,5
2025/2/2 8:34,2025/2/2 8:39,0,73.234.57.82,100,303,1,2025/2/2 8:39,R_57hNM51r0Pbr5Dj,,,,,42.9794,-70.8232,anonymous,EN,66439d43c9223566a67d5397,1,22,187,22,2,,2,2,,5,2,2,1,2,"6,8",,,,,,"The Walking Dead, The 100",,various anime or cartoons,2,3,1,3,2,2,2,4,4,4,6,3,3,3,1,1,1,1,1,1,1,1,3,1,1,2,1,2,1,1,1,1,1,1,1
2025/2/2 8:36,2025/2/2 8:39,0,77.204.105.155,100,204,1,2025/2/2 8:39,R_8NwZQZQwOyjUwZB,,,,,48.8558,2.3494,anonymous,EN,6111812eaa1d9b64c0b5a051,1,29,61,,1,,1,5,Hetero,5,2,7,1,3,1,,,,,,,,,2,1,1,2,2,4,4,4,4,4,5,4,4,4,3,3,3,3,4,3,4,3,4,4,4,3,4,5,4,4,4,4,4,4,4
2025/2/2 8:36,2025/2/2 8:39,0,94.31.73.223,100,213,1,2025/2/2 8:40,R_8MNc16TwOUUvgtv,,,,,52.2576,10.3681,anonymous,EN,60207652caa62b6a34ff96dc,1,25,65,,2,,1,2,,5,2,4,1,4,"3,6",,,,,,,,,2,1,3,3,4,4,5,4,4,5,4,4,4,4,4,5,5,5,4,5,5,5,5,5,5,5,5,5,4,4,5,4,4,4,4
2025/2/2 8:33,2025/2/2 8:40,0,86.188.112.175,100,389,1,2025/2/2 8:40,R_2XqXz7GflWVfDi1,,,,,51.4036,-0.7618,anonymous,EN,6703a756fd3fe9cd2e047a13,1,29,185,,1,,1,3,,3,2,7,1,2,"1,4,7",L word,,,The first kill,,,Queer eye,,4,4,5,4,5,4,4,6,6,6,6,3,4,4,4,4,4,4,4,4,4,6,6,6,6,6,6,6,4,6,6,6,6,6,6
2025/2/2 8:38,2025/2/2 8:41,0,82.44.26.184,100,208,1,2025/2/2 8:41,R_8OCQovOCcEmcTRT,,,,,54.9958,-1.6897,anonymous,EN,5c0586b43199f4000153f133,1,28,185,,1,,1,1,,5,2,4,1,2,"1,2,7","Oz, Wentworth",,,,,,,,2,1,3,1,1,4,4,4,4,5,4,3,4,3,2,2,2,2,2,2,3,3,2,3,4,4,3,4,4,5,5,4,3,4,2
2025/2/2 8:35,2025/2/2 8:41,0,95.164.215.155,100,368,1,2025/2/2 8:41,R_2M4MI7yvLsUUdHl,,,,,40.6439,22.9358,anonymous,EN,5bbb2faa156e0400017f9911,1,29,67,,3,,1,1,,5,2,4,1,3,"1,2,3,4,5,6",,,,"weekend, το καλοκαιρι της κάρμεν",,,,,3,2,3,4,3,4,3,4,4,4,4,2,3,3,3,3,4,3,3,3,3,3,3,3,3,3,2,4,3,2,2,2,1,2,3
2025/2/2 8:34,2025/2/2 8:41,0,71.17.147.101,100,415,1,2025/2/2 8:41,R_7CJvJGkmbfZ8lFm,,,,,52.1183,-106.6324,anonymous,EN,665a431140548f7979899bbb,1,31,31,,3,,2,1,,1,2,3,1,4,"1,6,7",Grey's Anatomy,,,,,She-Ra,Queer Eye,,1,2,1,5,4,5,4,4,4,5,5,4,4,6,5,6,6,5,5,6,4,3,5,4,5,5,6,4,2,2,2,5,2,4,6
2025/2/2 8:38,2025/2/2 8:41,0,37.48.4.113,100,217,1,2025/2/2 8:41,R_8TN6rZsLVJoLyc7,,,,,50.0883,14.4124,anonymous,EN,5e64bf2855bf352309a390f0,1,26,45,,3,,2,4,,5,2,8,1,4,"1,4",,,,,,,,,3,4,4,2,2,3,3,4,4,4,4,4,4,4,4,3,4,3,5,5,3,5,4,4,4,4,3,4,5,4,4,4,2,3,3
2025/2/2 8:36,2025/2/2 8:41,0,103.225.174.224,100,318,1,2025/2/2 8:41,R_8Iu4fZv4HG7FStg,,,,,41.6717,2.794,anonymous,EN,669760ef9e536299435c34f9,1,44,163,,1,,1,2,,5,1,8,1,3,"1,6",,,,,,,,,3,2,4,4,4,5,5,4,4,5,6,5,5,5,3,4,4,4,4,3,2,3,5,4,3,5,4,5,2,2,3,1,4,4,2
2025/2/2 8:35,2025/2/2 8:42,0,172.56.178.154,100,370,1,2025/2/2 8:42,R_5uKLYdDXZHNCYql,,,,,34.1438,-117.2548,anonymous,EN,677efac08078c781b31947e9,1,31,187,5,3,,1,1,,"2,5",2,5,1,4,"1,4",Brookback Mountain,,,Tangerine,,,,,3,4,5,4,5,5,3,6,6,6,4,2,2,5,4,2,4,6,6,6,6,6,6,6,4,6,6,4,4,6,6,4,2,6,6
2025/2/2 8:33,2025/2/2 8:42,0,86.25.92.249,100,492,1,2025/2/2 8:42,R_2QhkwfU0ZGWf6ln,,,,,53.5332,-2.6117,anonymous,EN,5db303e4863031000b5f0311,1,56,185,,3,,1,5,heterosexual,5,2,8,1,2,"1,2,5,6","This is England 1995, Waterloo Road",Are you being served,,,,Doctor Who,,,3,2,3,5,5,4,5,1,1,3,2,5,2,2,4,5,6,6,6,4,3,5,6,5,5,6,5,5,3,6,4,5,3,4,4
2025/2/2 8:35,2025/2/2 8:43,0,62.83.236.240,100,460,1,2025/2/2 8:43,R_8mOXabQwEjCEhmS,,,,,40.4519,-3.711,anonymous,EN,5f22e7ae938d2d018633624a,1,31,163,,2,,1,2,,5,2,7,1,2,"2,4,6",,"One Day At a Time, The Good Place",,Heartstopper,,Agatha All Along,,,3,4,3,6,6,6,6,5,5,6,6,5,6,5,5,5,5,6,6,6,6,6,6,6,6,6,6,5,5,5,6,6,5,6,6
2025/2/2 8:38,2025/2/2 8:43,0,81.228.221.47,100,283,1,2025/2/2 8:43,R_2XoJJyE0zha9bUB,,,,,56.1604,13.7687,anonymous,EN,5f6a2446158e4c082bd692d4,1,30,168,,2,,2,2,,5,2,4,1,4,"2,3,5,6,7,8",,,,,,,,Horror,1,1,2,3,4,4,4,4,4,4,5,4,4,4,2,2,3,3,2,3,2,3,2,3,4,5,4,4,3,3,4,2,2,3,3
2025/2/2 8:36,2025/2/2 8:43,0,86.179.111.109,100,409,1,2025/2/2 8:43,R_8D7uRsiKIf9uS3b,,,,,50.4005,-4.1633,anonymous,EN,5f6c9ef0bd5bc006f3586c40,1,27,185,,3,,1,3,,5,2,3,1,2,"1,2,4,5,6,7",,,,,,,,,5,4,5,6,6,6,6,4,4,3,5,5,5,4,5,5,6,6,6,6,6,6,6,6,6,6,6,6,5,6,6,6,6,6,6
2025/2/2 8:38,2025/2/2 8:43,0,81.99.214.215,100,303,1,2025/2/2 8:43,R_8P2wD4MUxgIpclj,,,,,52.9538,-1.1571,anonymous,EN,595a52b2e05ca8000133f5d0,1,42,185,,1,,1,2,,5,2,8,1,3,6,,,,,,Castlevania,,,4,4,2,4,4,4,4,4,4,4,4,3,3,3,4,4,3,4,4,4,4,3,3,3,4,4,4,4,4,4,4,3,4,4,4
2025/2/2 8:35,2025/2/2 8:43,0,91.21.240.39,100,505,1,2025/2/2 8:43,R_2oACTSWTQq9hDt7,,,,,52.0804,11.6181,anonymous,EN,6637ce7b6db533f22725ca96,1,25,65,,2,,2,2,,5,2,4,1,2,"1,2,4,5,6",Boys dont cry,Smiley,,"Heartstopper, Royal Blue",Owl House,Black Mirror,,,4,3,3,6,6,6,6,2,2,4,4,6,5,5,4,5,6,6,6,5,5,5,6,6,6,6,5,6,6,5,5,6,6,5,6
2025/2/2 8:37,2025/2/2 8:44,0,84.210.147.149,100,418,1,2025/2/2 8:44,R_81o0VGvz0J0Wt3T,,,,,59.905,10.7487,anonymous,EN,5a958d78f05361000171c54c,1,33,128,,2,,1,3,,5,2,8,1,2,"1,2,4,5,7","sex education, euphoria",dery girls,,"heartstopper, red white royal blue",old guard,,rupauls drag race,,5,4,5,5,4,5,5,3,4,2,5,5,5,5,3,2,3,4,4,3,3,5,5,5,4,4,4,6,5,4,4,4,4,3,4
2025/2/2 8:38,2025/2/2 8:44,0,86.21.218.253,100,339,1,2025/2/2 8:44,R_2t29rpdBTQHnQkN,,,,,52.1932,0.1426,anonymous,EN,66abe7eebba903cdd5e71edb,1,38,185,,1,,1,3,,5,2,7,1,4,"2,3,4,7",,"Modern Family, or Romantic Comedies",Historic documentaries e.g. about marriage equality,Hallmark seasonal movies with a queer storyline,,,I Kissed A Girl ,,3,2,2,4,4,4,3,4,4,5,4,4,3,4,4,4,5,5,4,3,3,5,5,3,4,4,4,4,3,4,3,4,3,4,4
2025/2/2 8:38,2025/2/2 8:44,0,180.252.162.28,100,349,1,2025/2/2 8:44,R_4cYCVLMHcE37Tn3,,,,,-6.2114,106.8446,anonymous,EN,65f04571d48174aefd2817d0,1,27,79,,1,,1,2,,2,2,7,1,2,"1,4,5,6",,,,,,,,,4,2,3,4,3,2,2,6,6,6,5,4,2,4,3,3,5,4,5,3,1,3,2,4,5,4,4,6,4,5,4,6,4,3,5
2025/2/2 8:36,2025/2/2 8:44,0,75.38.51.64,100,471,1,2025/2/2 8:44,R_5JXR8oXK1ZJO7PE,,,,,36.1047,-79.8201,anonymous,EN,6547a144c2b79e88bad24eab,1,46,187,34,1,,1,3,,5,2,7,1,2,"1,2,3,4,5,6,7",The L Word,The Fosters; Orange is the New Black; Dickinson; A League of their Own,A Secret Love,,,Lost Girl; Wynonna Earp,,,5,3,4,4,4,5,4,4,4,4,4,3,4,4,2,2,4,3,5,4,3,5,5,5,5,5,5,5,5,5,4,4,4,5,5
2025/2/2 8:36,2025/2/2 8:45,0,45.85.136.43,100,555,1,2025/2/2 8:45,R_8MzA6xUfz1lwz7X,,,,,38.3991,-0.575,anonymous,EN,6677088c3e8ac376937ace9a,1,27,163,,1,,1,3,,5,1,8,1,2,"1,2,4,5,6,7","Pose, Euphoria","Feel Good, One day at a time",,"Heartstopper, Love Victor",Killing Eve,"Sense8, The owl house","RuPauls Drag Race, Queer eye",,5,4,3,5,5,3,4,3,5,2,4,5,4,3,6,5,5,6,4,2,3,5,3,5,2,3,4,5,2,4,5,4,5,5,3
2025/2/2 8:40,2025/2/2 8:45,0,143.159.152.109,100,320,1,2025/2/2 8:45,R_8nCM9lWXFtIVgjN,,,,,52.8904,-2.8718,anonymous,EN,615d916c78c5a25a39a73a68,1,35,185,,1,,1,4,,5,2,4,1,3,"1,2,4,5,7",,,,,,,,,4,2,2,5,5,5,5,4,4,4,5,5,5,5,6,6,6,6,6,6,6,6,6,6,6,6,6,4,4,6,5,6,3,6,5
2025/2/2 8:38,2025/2/2 8:45,0,185.69.144.91,100,450,1,2025/2/2 8:45,R_2FWUbdckoE8VPxf,,,,,51.4964,-0.1224,anonymous,EN,6657274bcb06ce43c72bdf9f,1,43,185,,1,,1,2,,5,2,4,1,3,"1,2,3,4,5,7",,,,,,,,,3,3,3,4,4,4,4,4,4,4,4,4,4,4,4,4,4,4,4,4,4,4,4,4,4,4,4,4,4,4,4,4,3,3,4
2025/2/2 8:38,2025/2/2 8:46,0,77.228.254.38,100,452,1,2025/2/2 8:46,R_8tasICILm4PBwTT,,,,,41.4499,2.1705,anonymous,EN,66ca499d99e0581a3f40f814,1,25,163,,1,,2,1,,5,1,2,1,1,"1,5,6",,,,,,,,,5,5,5,6,4,4,4,4,5,5,5,4,4,4,5,5,5,5,5,4,5,5,5,4,5,5,5,6,5,5,5,6,6,6,5
2025/2/2 8:40,2025/2/2 8:46,0,86.49.230.179,100,363,1,2025/2/2 8:46,R_8PR1sUfIqbo65gJ,,,,,50.0766,14.4464,anonymous,EN,64e651a5567f131fe7dc5555,1,25,45,,2,,1,1,,5,2,7,1,2,"2,6,7",,,,,,"SheRa, The Owl House ","YouTube - TryGuys, others",,4,2,3,4,3,5,4,4,3,2,4,4,3,3,5,5,5,5,3,4,4,5,5,5,5,5,4,5,4,3,5,5,5,5,5
2025/2/2 8:36,2025/2/2 8:48,0,174.93.37.240,100,693,1,2025/2/2 8:48,R_30DcI7fcuwDIlMz,,,,,45.471,-75.4737,anonymous,EN,66c75392bec8ce0d4ecbe7ed,1,33,31,,1,,1,2,,5,2,8,1,4,"2,6",,Inside Out universe stuff,,,,His Dark Materials,,,3,2,2,4,4,4,3,3,3,4,3,2,2,2,3,3,4,4,2,4,2,4,4,3,4,4,4,4,3,4,3,3,4,3,4
2025/2/2 8:44,2025/2/2 8:49,0,64.227.209.95,100,273,1,2025/2/2 8:49,R_5HnNgIDNzxaRFJK,,,,,53.6859,-113.7049,anonymous,EN,60fdca1a9d9baf432551e9cc,1,31,31,,1,,1,3,,5,2,7,1,2,"1,2,3,4,7",,,,,,,,,4,1,4,4,4,4,3,5,5,5,3,3,4,5,4,3,5,5,5,5,5,5,5,4,5,5,6,6,5,5,5,5,5,5,5
2025/2/2 8:38,2025/2/2 8:49,0,174.216.4.209,100,647,1,2025/2/2 8:49,R_13wir0w6kpFCI6O,,,,,35.1947,-80.744,anonymous,EN,663e5265562abd2024a5c313,1,35,187,34,1,,1,2,,5,2,7,1,3,"1,2,5,6",,,,,,,,,3,2,2,4,4,5,4,4,4,5,4,4,4,5,4,4,4,4,4,5,5,4,5,4,5,4,4,5,4,3,4,4,3,3,4
2025/2/2 8:45,2025/2/2 8:49,0,80.41.5.189,100,214,1,2025/2/2 8:49,R_8lX0TslEJJieI4i,,,,,51.7626,0.471,anonymous,EN,5f653ce1f8363c0a4165e03d,1,34,185,,1,,1,4,,5,2,7,1,1,"1,5,6,7",euphoria,,,,buffy the vampire slayer,angel,ru paul's drag race,,5,4,5,5,5,5,5,4,4,4,4,5,5,5,5,5,5,5,5,5,5,5,5,5,5,5,6,5,5,5,5,5,4,5,5
2025/2/2 8:39,2025/2/2 8:49,0,104.224.120.151,100,575,1,2025/2/2 8:49,R_5rdoNnoAiwO3bbU,,,,,53.3723,-113.4541,anonymous,EN,66ba3f4a42f3cf67aa4053b9,1,23,31,,3,,1,3,,5,2,4,1,3,"5,8",,,,,Jujutsu Kaisen,,,A horror film called Saint Maude featured two sapphic women in the cast,2,2,1,3,4,3,4,4,4,4,5,3,2,3,2,2,4,4,4,3,3,5,5,5,3,5,5,4,3,3,4,4,3,3,3
2025/2/2 8:36,2025/2/2 8:49,0,151.225.25.32,100,785,1,2025/2/2 8:49,R_8qBH2ktahDAssyi,,,,,56.1947,-3.0115,anonymous,EN,672b8ee35867a7d8ba12a06b,1,29,185,,1,,1,3,,5,2,9,1,2,"1,2,4,7",The L Word,,,,,,"The Ultimatum, Married at first sight",,3,3,4,5,4,4,4,4,4,5,5,4,4,5,3,3,4,3,4,4,4,5,5,3,5,5,5,4,2,4,4,3,2,5,3
2025/2/2 8:46,2025/2/2 8:52,0,75.182.243.59,100,348,1,2025/2/2 8:52,R_7lJldz3HxcsVDFn,,,,,36.5002,-80.6163,anonymous,EN,663e3cee91031227e894384a,1,26,187,34,1,,2,2,,5,2,4,1,2,"1,2,5,7",,,,,,,,,4,4,4,5,6,6,5,4,4,5,4,3,4,5,4,4,4,3,5,4,4,4,4,4,3,4,5,5,4,4,5,4,4,4,5
2025/2/2 8:42,2025/2/2 8:52,0,70.44.182.204,100,593,1,2025/2/2 8:52,R_7OpNwvIdk51pPIb,,,,,41.5349,-75.9472,anonymous,EN,655cb8a2a541eee278485e19,1,40,187,39,1,,1,4,,5,2,3,1,3,"1,2,3",,,,,,,,,3,2,4,3,3,3,3,4,5,5,5,4,5,4,4,4,4,5,4,4,4,4,4,4,4,4,5,5,2,5,5,4,4,4,4
2025/2/2 8:37,2025/2/2 8:53,0,2.155.232.37,100,911,1,2025/2/2 8:53,R_8tagQCQyecWz6Gd,,,,,42.4349,-8.6427,anonymous,EN,5dfa6109534539000bdf1496,1,27,163,,2,,1,2,,5,1,8,1,3,"1,2,3,5",Portrait de la jeune fille en feu,"BoJack Horseman, Broad City",,,Adventure Time,,,,3,3,3,3,4,3,2,5,5,4,4,1,1,2,4,4,4,5,5,4,3,4,5,4,4,4,4,5,4,4,4,4,3,4,5
2025/2/2 8:38,2025/2/2 8:53,0,176.7.131.125,100,894,1,2025/2/2 8:53,R_8tgejPJofuv7df3,,,,,49.4866,8.4624,anonymous,EN,66d48072ff8ddc2ba883edf4,1,22,65,,1,,1,2,,5,2,7,1,2,"2,3,4,5",,The half of it,Stand Out,the L word,,,,,3,3,3,6,6,6,6,4,4,4,6,5,4,5,6,6,6,6,5,4,3,6,5,5,6,6,6,5,5,5,6,4,4,5,5
2025/2/2 8:52,2025/2/2 8:58,0,51.187.225.208,100,353,1,2025/2/2 8:58,R_2wRHEVpLnNeWHrH,,,,,53.3843,-6.4203,anonymous,EN,659eaab1e8dd90283fb2cab0,1,32,82,,1,,1,4,,5,2,8,1,3,"1,2,3,4,5,6,7",,,,,,,,,3,2,4,4,4,4,3,5,5,6,5,4,4,4,5,6,6,6,5,5,5,5,6,6,6,6,5,5,4,6,6,6,4,4,5
2025/2/2 8:36,2025/2/2 8:58,0,176.82.134.132,100,1323,1,2025/2/2 8:58,R_81n2BGfF7nPX5Nu,,,,,36.7749,-4.0381,anonymous,EN,5e73746e686c0c2c978392e1,1,50,163,,2,,1,2,,5,1,7,1,2,"1,3,5,7",Elite,,History Channel,,Survivors,,Big Brother,,3,4,3,4,4,4,3,4,4,4,5,4,4,4,4,4,5,4,4,4,5,4,4,4,5,4,4,4,4,4,4,4,4,4,5
2025/2/2 8:50,2025/2/2 8:58,0,81.184.241.99,100,521,1,2025/2/2 8:58,R_2nI8vB4fh2UZ4V4,,,,,41.6432,-0.9006,anonymous,EN,5ca65510a0b6540012283c32,1,34,163,,1,,1,2,,5,2,4,1,2,"2,5,6",,Sex Education,,,The squid game,True Blood,,,1,2,1,2,2,2,2,5,5,5,6,4,5,4,2,2,2,4,3,2,4,2,3,3,4,4,4,4,3,5,3,4,2,4,4
2025/2/2 8:53,2025/2/2 8:59,0,95.90.167.191,100,329,1,2025/2/2 8:59,R_83vd4oBmePDLIZG,,,,,51.076,13.7172,anonymous,EN,61637068f5b7d787ced5ac87,1,25,65,,2,,1,3,,6,2,7,1,3,"1,2,4",,modern family,,,,,,,2,1,1,4,3,4,3,5,4,6,4,3,3,3,3,2,4,3,3,3,2,3,4,3,3,3,3,4,3,3,3,3,2,2,2
2025/2/2 8:55,2025/2/2 8:59,0,87.217.12.240,100,257,1,2025/2/2 8:59,R_85Zsxj00oz87KPo,,,,,40.2111,-3.5728,anonymous,EN,5ec81ba6c71d2b0f9add5de5,1,24,163,,1,,1,2,,5,1,8,1,2,"1,2,4,6",Carol,The other two,,Heartstopper,,Sense8,,,3,3,4,4,3,4,4,3,4,3,4,3,5,4,3,4,4,3,4,3,5,3,4,3,4,5,3,3,4,3,4,3,4,3,5
2025/2/2 8:56,2025/2/2 9:00,0,50.35.99.218,100,258,1,2025/2/2 9:00,R_6jdr4PhZJkB8IwN,,,,,47.8022,-122.286,anonymous,EN,55b53a3cfdf99b3b1a562baf,1,27,187,49,3,,2,1,,5,2,6,1,3,6,,,,,,Doctor Who,,,3,2,3,4,4,4,4,4,4,5,2,3,4,3,5,6,5,4,5,4,4,2,4,3,5,4,5,6,4,4,4,3,3,4,5
2025/2/2 8:58,2025/2/2 9:06,0,92.26.42.92,100,452,1,2025/2/2 9:06,R_8YM0yRNThaO9mTN,,,,,54.9874,-1.4833,anonymous,EN,5f32acf70d30140009c0b9d9,1,31,185,,1,,1,4,,5,2,8,1,3,"1,2,3,6","Its a Sin,","What we do in the Shadows, Our Flag means death, Ghosts",,,,"Good Omens, Star Trek: Deep Space Nine",,,3,1,2,4,4,4,4,3,3,4,4,4,4,4,4,3,3,3,3,3,4,4,4,4,4,5,4,6,3,4,4,3,3,3,3
2025/2/2 9:04,2025/2/2 9:11,0,88.185.203.51,100,416,1,2025/2/2 9:11,R_2gzoz4EBKv0kfRS,,,,,48.9119,2.2875,anonymous,EN,63174a95078b149cd17f7873,1,26,61,,2,,1,2,,5,2,8,1,2,"1,2,3","Queer, Moonlight","Modern Family, Rocky Horror Picture Show","Portait of Jackson films by Barbara Hammer, Su Friedrich..",,,,,,2,2,3,2,2,2,2,5,5,5,6,5,5,5,2,3,3,2,3,2,3,2,2,2,3,2,2,3,2,5,4,5,4,4,5
2025/2/2 9:20,2025/2/2 9:25,0,46.102.221.237,100,280,1,2025/2/2 9:25,R_2rIpb4J7Js2m9YR,,,,,50.7998,0.0486,anonymous,EN,6348287ad6a62b1fb1a5f5d0,1,29,185,,2,,1,5,heterosexual,5,2,3,1,3,"1,2",,,,,,,,,2,2,3,4,4,6,5,4,5,5,4,2,3,3,4,3,4,4,4,4,4,5,5,5,3,5,4,4,3,4,3,3,2,4,5
2025/2/2 9:21,2025/2/2 9:25,0,51.9.180.14,100,233,1,2025/2/2 9:25,R_2pJGimwu7Tto4hu,,,,,51.4469,-3.1836,anonymous,EN,5f44ed0e7f545e029071c4e8,1,27,185,,1,,1,2,,5,2,7,1,3,"2,4",,What we do in the shadows,,Heartstopper,,,,,2,1,1,2,2,1,4,4,4,5,6,4,4,5,1,1,1,1,1,1,1,1,1,1,1,1,1,2,1,1,1,1,1,1,1
2025/2/2 9:21,2025/2/2 9:25,0,82.69.33.31,100,262,1,2025/2/2 9:25,R_2RjC9WplFtoVT3o,,,,,52.1237,0.0987,anonymous,EN,60fd28a87adc295178a00e0a,1,26,185,,1,,1,2,,3,2,9,1,2,"1,2,4,7",,,,,,,,,4,4,4,4,4,3,5,4,4,6,2,2,2,1,4,3,4,4,4,2,1,6,5,4,4,6,4,6,4,6,5,4,5,5,5
2025/2/2 9:20,2025/2/2 9:25,0,86.188.112.175,100,315,1,2025/2/2 9:25,R_8BmuPLXRCcwK9P3,,,,,51.4036,-0.7618,anonymous,EN,6703a756fd3fe9cd2e047a13,1,29,185,,1,,1,3,,3,2,7,1,2,"1,2,4,7",Lucifer,Feel good,,Carol,,,The ultimatum queer love edition ,,5,5,5,5,5,4,4,6,6,6,5,5,5,4,5,4,4,5,4,4,4,4,4,4,4,4,4,6,6,6,6,6,6,6,6
2025/2/2 9:23,2025/2/2 9:26,0,172.56.4.250,100,157,1,2025/2/2 9:26,R_5AVHjME4iON9Tjj,,,,,42.9074,-78.8197,anonymous,EN,663e3c3e7e1b18543cfd78d6,1,35,187,33,1,,1,2,,5,2,3,1,3,"2,7",,The Connor’s ,,,,,Vanderpump rules,,2,1,1,4,4,5,4,4,3,4,4,6,6,4,4,5,4,6,4,4,3,3,5,4,4,3,4,4,3,4,3,4,4,2,3
2025/2/2 9:21,2025/2/2 9:26,0,142.59.20.134,100,299,1,2025/2/2 9:26,R_11Lc6gPSCq4Wcbl,,,,,53.2134,-114.9852,anonymous,EN,5ee9987bde59c7343cd4f503,1,40,31,,2,,1,3,,5,2,3,1,3,"5,7",,,,,Prime Suspect,,Traitors,,4,2,5,4,4,2,3,5,5,5,5,4,5,5,6,6,6,6,6,3,6,6,6,6,6,6,6,5,6,3,5,5,5,5,5
2025/2/2 9:21,2025/2/2 9:27,0,81.109.184.33,100,376,1,2025/2/2 9:27,R_2VliA7zj9qqHPcY,,,,,50.7851,-1.0389,anonymous,EN,5f9dcd7eaae8a33422a97b88,1,34,185,,2,,1,2,,2,2,7,1,3,"1,2,3,4,5,6,7,8",Bridgerton,,,,The Last of Us,Sense8,,The Owl House,2,2,1,4,4,4,4,3,3,5,4,4,4,4,4,4,6,6,6,4,4,4,6,5,6,6,6,6,4,6,6,6,6,4,5
2025/2/2 9:20,2025/2/2 9:28,0,31.53.43.56,100,443,1,2025/2/2 9:28,R_2dxUkp4ioDgWKFs,,,,,56.2662,-3.1312,anonymous,EN,66572a42c42be82e0e65122c,1,20,185,,1,,1,2,,5,2,4,1,2,"2,5,6,7",,,,,,Dr Who,Rupauls drag race,,3,1,2,3,3,3,2,4,4,4,5,3,4,4,3,3,4,3,4,3,4,4,4,3,3,4,4,4,3,4,4,3,3,5,4
2025/2/2 9:25,2025/2/2 9:29,0,151.224.141.148,100,242,1,2025/2/2 9:29,R_8VsEL7OIUU8PgL7,,,,,51.3488,-0.0321,anonymous,EN,5cb8b8e75d5e12001a219ec4,1,27,185,,1,,1,2,,5,2,8,1,3,"1,2,4,7",,,,,,,,,1,1,1,3,3,2,2,5,5,4,3,1,2,1,1,1,1,1,1,1,1,1,1,1,1,2,2,1,1,1,1,1,1,1,1
2025/2/2 9:24,2025/2/2 9:29,0,68.192.75.150,100,319,1,2025/2/2 9:29,R_31DTHWKi5LOcVDr,,,,,41.1484,-74.5827,anonymous,EN,5f6e04d24dfd8f2c88366a29,1,24,187,31,2,,2,2,,5,2,4,1,3,"2,8",,the birdcage,,,,,,tokyo godfathers,3,2,3,4,5,5,5,2,2,3,4,4,5,5,4,5,6,5,5,4,5,4,6,4,5,5,4,4,3,4,4,2,4,3,3
2025/2/2 9:25,2025/2/2 9:30,0,209.35.82.202,100,293,1,2025/2/2 9:30,R_2I3IQ3eqUQXoN4o,,,,,53.7945,-1.5524,anonymous,EN,5f5a12160fb28e0590441a00,1,34,185,,1,,1,4,,5,2,8,1,3,"1,3,4,7","Desperate Housewives, Greys Anatomy",,,Heartstopper,,,"Big brother, the traitors, I'm a celeb",,3,1,4,5,5,5,4,3,4,4,4,4,4,4,3,3,3,4,4,3,4,4,4,4,4,4,4,4,3,3,3,3,5,3,3
2025/2/2 9:26,2025/2/2 9:30,0,90.242.208.99,100,235,1,2025/2/2 9:30,R_8QG73ucyyzqi8Mi,,,,,55.867,-4.2621,anonymous,EN,60fd58f89d037589c34f5a18,1,32,185,,1,,1,2,,5,2,8,1,2,"1,2,5,6",,,,,,,,,3,2,4,4,4,4,4,3,3,4,5,4,4,4,4,4,4,4,4,4,4,3,3,3,3,4,4,4,3,4,3,4,4,4,4
2025/2/2 9:27,2025/2/2 9:31,0,31.94.36.170,100,263,1,2025/2/2 9:31,R_83pURan5VcPScqg,,,,,51.5209,-3.0915,anonymous,EN,6659f60a90c067aa84c59190,1,22,185,,1,,1,2,,5,2,7,1,2,"2,4,5,7",,,,,911 Lone Star,,,,3,1,3,4,4,4,4,5,5,5,5,5,4,4,4,5,5,5,1,4,5,5,5,5,5,5,5,5,5,5,5,5,5,5,5
2025/2/2 9:25,2025/2/2 9:32,0,86.190.43.5,100,375,1,2025/2/2 9:32,R_8xMkI09whJslqKW,,,,,52.4391,-1.5039,anonymous,EN,614d5b8c56459698156b2358,1,30,185,,1,,1,3,,5,2,8,1,2,"1,5,6",,,,,,,,,4,3,4,4,5,5,4,4,4,4,5,3,4,4,4,3,5,5,5,6,5,5,6,5,5,6,5,5,4,4,5,4,5,3,3
2025/2/2 9:29,2025/2/2 9:32,0,80.195.63.194,100,178,1,2025/2/2 9:32,R_27WYFROmqxzcj8B,,,,,51.6101,-3.7685,anonymous,EN,5968ca646956b40001c5930e,1,29,185,,1,,1,1,,5,2,4,1,2,"1,2,4,6",,,,,,,,,3,4,4,2,4,4,5,4,4,5,5,4,5,5,5,5,5,6,5,5,5,6,5,6,6,5,5,6,5,5,5,4,4,5,5
2025/2/2 9:25,2025/2/2 9:32,0,207.96.75.211,100,420,1,2025/2/2 9:32,R_6EcATj0CNvDSZPV,,,,,40.7365,-74.0055,anonymous,EN,666e00ae0d67eb9e9dcd755e,1,25,187,33,1,,1,3,,5,2,7,1,2,"1,2,4,6,7","Pose, The L Word",The Sex Lives of College Girls,,Heartstopper,,The 100,"The Ultimatum, Are You the One",,4,3,4,5,4,4,3,4,4,6,2,2,2,3,5,5,6,5,6,3,4,6,6,6,6,6,6,5,4,5,6,6,6,6,6
2025/2/2 9:26,2025/2/2 9:33,0,90.207.26.13,100,384,1,2025/2/2 9:33,R_2U5ULQc8bt8IW0R,,,,,53.4293,-1.4635,anonymous,EN,63d7cc4eb8da8c54d07bf822,1,23,185,,2,,1,2,,5,1,8,1,2,"1,4",,,,,,,,,3,4,3,5,5,6,5,6,4,5,5,4,4,5,6,5,5,5,6,6,6,6,6,6,6,6,6,6,6,5,6,5,5,6,6
2025/2/2 9:29,2025/2/2 9:33,0,176.26.213.126,100,255,1,2025/2/2 9:33,R_2dXXZgPxykgQrXp,,,,,53.4558,-1.5023,anonymous,EN,63d13c51b221bd175bb2e3db,1,23,185,,2,,1,5,Heterosexual,5,2,5,1,1,"2,5,6,7",,,,,,,,,2,3,3,3,3,5,4,4,4,5,3,4,4,3,5,5,5,5,4,4,5,3,3,4,5,4,5,6,5,5,5,5,5,4,5
2025/2/2 9:25,2025/2/2 9:34,0,82.132.239.15,100,491,1,2025/2/2 9:34,R_8hyydQsKgMnRx1S,,,,,53.4558,-1.3756,anonymous,EN,615d916c78c5a25a39a73a68,1,35,185,,1,,1,4,,5,2,4,1,3,"1,2,4,5,7",,,,,,,,,4,2,2,5,5,4,4,4,5,5,5,5,5,5,6,6,6,6,6,6,6,4,5,5,6,5,5,5,4,6,3,5,3,4,4
2025/2/2 9:32,2025/2/2 9:35,0,86.25.5.98,100,150,1,2025/2/2 9:35,R_8QW0Ah34fmUqTjC,,,,,50.8007,-1.0806,anonymous,EN,5d5d44acd2aa33001b70a228,1,26,185,,2,,2,2,,5,2,7,1,2,2,,Family Guy,,,,,,,2,1,1,1,1,1,2,5,5,6,4,2,3,3,1,1,1,1,1,1,1,1,1,1,1,1,1,1,1,1,1,1,1,1,1
2025/2/2 9:30,2025/2/2 9:36,0,2.223.189.22,100,366,1,2025/2/2 9:36,R_8zHYBkCof8RG2nT,,,,,55.9133,-3.0129,anonymous,EN,67434bb046e285fcfb0b0dfa,1,20,185,,1,,1,1,,3,2,8,1,1,5,,,,,Night action,,,,2,2,2,4,4,3,4,2,3,2,3,3,3,3,2,4,4,3,5,4,5,5,6,5,4,5,5,5,5,5,5,4,4,5,5
2025/2/2 9:31,2025/2/2 9:37,0,151.231.129.94,100,351,1,2025/2/2 9:37,R_8a995MGcn8Cqtwa,,,,,51.4492,-0.8798,anonymous,EN,66b0df78f44c274080f61549,1,24,185,,1,,1,2,,5,2,8,1,1,"1,2,4",orange is the new black,schitts creek,,queen Charlotte ,,,,,3,2,4,4,4,3,4,4,4,4,5,4,4,4,5,5,5,4,5,4,4,3,4,3,3,3,4,4,3,4,4,4,4,4,3
2025/2/2 9:33,2025/2/2 9:37,0,86.164.29.83,100,266,1,2025/2/2 9:37,R_84LJqBC0JPqjR7z,,,,,55.9144,-3.1637,anonymous,EN,5c068f1f9d0df40001e5688c,1,33,185,,1,,1,4,,5,2,8,1,2,"1,2,6",Another Life,"Sex Education, Modern Family",,,,Arcane,,,2,4,3,4,4,2,3,4,4,5,6,5,4,4,3,4,4,4,4,4,3,4,4,4,4,5,4,4,2,4,2,4,2,2,2
2025/2/2 9:29,2025/2/2 9:38,0,97.115.64.114,100,542,1,2025/2/2 9:38,R_5liaQPEIemmP7Vv,,,,,45.5173,-122.6398,anonymous,EN,5e8caf1b063693041f6ac524,1,42,187,38,2,,1,4,,5,2,4,1,2,2,,What We Do In the Shadows,,,,,,,3,2,3,4,4,4,4,4,4,4,5,4,4,4,5,3,5,5,4,4,4,5,5,5,5,5,5,5,4,4,4,5,5,5,5
2025/2/2 9:35,2025/2/2 9:39,0,82.36.150.51,100,258,1,2025/2/2 9:39,R_8dynm5BVAp4WoFK,,,,,51.4674,-0.3556,anonymous,EN,5b7467ea50075a0001107043,1,37,185,,1,,1,3,,5,2,7,1,2,"1,5","vigil, greys anatomy, 911",,,,,,,,4,2,3,4,4,4,4,3,3,4,4,4,5,5,5,5,5,5,4,5,5,4,4,4,5,4,4,4,5,4,4,4,5,5,5
2025/2/2 9:34,2025/2/2 9:39,0,89.243.159.103,100,296,1,2025/2/2 9:39,R_8ch3M7HBcn9V0hb,,,,,53.0115,-1.3562,anonymous,EN,6658b140e30afe4044cef622,1,18,185,,1,,1,1,,6,2,4,1,3,4,,,,Heartsopper and Heaven's Official Blessing,,,,,4,5,4,5,4,5,3,4,4,5,5,5,5,5,6,5,6,6,5,5,5,6,6,6,6,6,6,5,5,5,5,5,5,5,5
2025/2/2 9:35,2025/2/2 9:40,0,82.132.215.131,100,298,1,2025/2/2 9:40,R_8dQ0y2oXfJxQ0fD,,,,,51.5428,-0.1978,anonymous,EN,5faed3b0bc045b08acb353e0,1,27,185,,3,,2,2,,5,2,7,1,3,"4,5,6",,,,,,,,,3,2,3,4,3,2,2,5,5,6,2,2,2,2,4,5,4,3,5,5,4,6,5,5,5,6,4,5,5,5,5,5,5,5,6
2025/2/2 9:35,2025/2/2 9:41,0,172.76.75.106,100,329,1,2025/2/2 9:41,R_6KCrcUjiLbiOsYP,,,,,40.9056,-115.5344,anonymous,EN,66a44981a6fdbee01355249f,1,43,187,29,1,,1,1,,5,2,8,1,3,7,,,,,,,,,2,3,1,1,2,4,3,2,4,4,3,3,3,1,2,2,2,2,2,2,2,2,2,2,1,3,2,1,1,1,1,1,1,1,2
2025/2/2 9:38,2025/2/2 9:42,0,86.18.116.168,100,201,1,2025/2/2 9:42,R_8D8rASLGJWLuSSm,,,,,52.1073,-0.4649,anonymous,EN,611163c821ec0815f38cd241,1,22,185,,1,,1,3,,5,2,7,1,2,"1,2,4,7",,,,,,,,,4,4,5,5,5,5,5,4,4,4,5,5,5,5,4,4,4,4,4,4,4,5,5,5,5,5,5,4,4,4,4,4,4,4,4
2025/2/2 9:39,2025/2/2 9:42,0,92.236.141.190,100,195,1,2025/2/2 9:42,R_2hHcFLjx0gnv0A8,,,,,52.4867,-1.8989,anonymous,EN,616adade94b2d0ae7b64ea0a,1,20,185,,1,,1,2,,2,2,4,1,2,"2,4,6,7",,big boys,,heartstopper,,dr who,tampa baes,,3,2,3,4,5,5,5,6,2,2,2,2,4,3,5,2,5,5,3,5,5,3,4,2,2,5,4,5,5,4,5,5,3,6,4
2025/2/2 9:41,2025/2/2 9:44,0,86.143.83.195,100,198,1,2025/2/2 9:44,R_2PBY2g4vBAjOKyd,,,,,53.5197,-2.2109,anonymous,EN,6682b776165dbb37552d18c8,1,27,185,,2,,1,1,,6,1,8,1,2,"1,2",,,,,,,,,3,2,2,1,2,3,4,4,4,4,4,3,5,5,5,5,6,5,5,5,5,5,4,3,5,6,5,5,5,5,5,5,5,5,5
2025/2/2 9:40,2025/2/2 9:45,0,134.228.21.137,100,268,1,2025/2/2 9:45,R_6Iu4cerjKPpGisP,,,,,41.6432,-83.6753,anonymous,EN,6336f536de1823600ebda2f4,1,29,187,36,2,,1,2,,5,2,4,1,1,7,,,,,,,"Below Deck, Survivor",,3,2,3,4,4,5,4,4,4,4,5,5,5,5,4,4,4,4,4,4,4,4,4,4,4,4,4,4,4,4,4,4,4,4,4
2025/2/2 9:41,2025/2/2 9:45,0,86.179.111.109,100,261,1,2025/2/2 9:45,R_2wz6lhm0xSxSESb,,,,,50.4005,-4.1633,anonymous,EN,5f6c9ef0bd5bc006f3586c40,1,27,185,,3,,1,3,,5,2,3,1,2,"1,2,4,5,6,7",,,,,,,,,5,4,5,5,5,5,6,4,4,4,5,5,5,5,5,4,6,6,6,6,6,6,6,6,6,6,6,6,6,6,6,5,6,6,6
2025/2/2 9:24,2025/2/2 9:46,0,92.15.155.179,100,1356,1,2025/2/2 9:46,R_2JJ2cbNZtbAdwR3,,,,,52.5674,-2.0333,anonymous,EN,60dc84c1e594bb1151e400a6,1,23,185,,1,,1,4,,"3,5",2,7,1,2,"1,4,7,8",,,,Heartstopper,,,Rupaul's Drag Race,American Horror Story,4,3,4,3,5,4,5,4,4,4,6,6,6,6,5,6,6,6,6,6,6,6,6,6,6,6,6,6,6,6,6,6,6,6,6
2025/2/2 9:42,2025/2/2 9:47,0,71.60.180.233,100,327,1,2025/2/2 9:47,R_7ARn4TUIu6kf8MJ,,,,,41.1285,-78.7494,anonymous,EN,6647ae4dbe19cfb2e15d3f99,1,35,187,39,1,,1,2,,5,2,7,1,2,"1,6",,,,,,,,,4,2,3,4,4,5,4,4,4,4,5,4,4,4,5,4,4,5,5,4,4,5,5,5,4,5,5,6,5,3,4,3,5,4,3
2025/2/2 9:44,2025/2/2 9:49,0,82.19.93.217,100,300,1,2025/2/2 9:49,R_8YcdBEeV3eejn0E,,,,,50.9469,-1.4112,anonymous,EN,66475e4940665d47bc18bd0a,1,21,185,,3,,2,5,asexual,5,2,2,1,2,"4,7",,,,heartstopper,,,Queer Eye,,3,4,4,5,5,5,4,4,5,5,5,4,5,5,5,5,4,5,5,4,5,5,5,4,5,5,5,4,4,5,4,5,4,4,5
2025/2/2 9:45,2025/2/2 9:51,0,31.120.194.17,100,349,1,2025/2/2 9:51,R_8SH0NHFIJ3LZiXn,,,,,52.9735,-1.3255,anonymous,EN,5c7d21b69782c300171ccca9,1,32,185,,2,,1,2,,5,2,4,1,4,5,,,,,JoJos Bizarre Adventure ,,,,1,1,1,2,2,2,2,4,4,4,2,4,3,5,2,2,3,2,2,2,1,1,2,2,2,3,2,3,1,3,2,2,1,4,2
2025/2/2 9:45,2025/2/2 9:52,0,147.147.137.80,100,418,1,2025/2/2 9:52,R_2iSq1lA5AG8FrUt,,,,,51.2767,0.184,anonymous,EN,65a1506e21c8cdd098c53fae,1,50,185,,1,,1,2,,5,2,10,1,3,"1,2,3,5",,,,,,,,,3,3,4,3,3,3,2,5,5,5,4,2,2,2,2,2,4,4,5,4,4,4,4,3,4,4,3,3,3,4,4,4,3,4,4
2025/2/2 9:48,2025/2/2 9:53,0,148.75.243.20,100,272,1,2025/2/2 9:53,R_6KeanwKPYVnNMg9,,,,,40.665,-73.9523,anonymous,EN,6732736f57f1a61ec4a6db24,1,29,187,33,1,,1,2,,5,2,7,1,2,"1,2,4,7",Pose ,"XO Kitty, Heartstoppers ",,Heartstoppers ,,,Bling Empire ,,4,4,4,4,4,5,3,4,4,5,5,4,4,4,6,6,6,6,6,6,6,6,6,6,6,4,5,5,3,5,5,5,4,6,6
2025/2/2 9:50,2025/2/2 9:55,0,90.193.202.48,100,291,1,2025/2/2 9:55,R_8q9cmODeH0KHCwf,,,,,50.9166,-1.2678,anonymous,EN,5b168c15534bbb00017451e7,1,28,185,,1,,1,5,Queer ,5,2,3,1,3,"1,3,4,7","Pose, It's A Sin",,Paris is Burning,Sense8,,,Drag Race,,4,1,5,5,5,4,4,5,4,5,6,4,4,4,6,4,5,5,5,4,4,6,6,6,4,5,6,4,4,4,4,5,4,6,4
2025/2/2 9:50,2025/2/2 9:55,0,185.69.145.108,100,318,1,2025/2/2 9:55,R_82znQfALaZebdJW,,,,,51.4964,-0.1224,anonymous,EN,677ed6ae44fe7dfae643335b,1,33,185,,1,,1,2,,5,2,9,1,3,8,,,,,,,,idk,4,2,3,4,4,4,4,4,4,4,4,4,4,4,2,2,2,4,2,2,2,4,4,4,4,4,4,2,2,2,2,2,5,2,2
2025/2/2 9:38,2025/2/2 9:57,0,80.42.197.186,100,1143,1,2025/2/2 9:57,R_8LCkNUYVsjRDs0E,,,,,53.8826,-2.0494,anonymous,EN,60509a0a3b167b0b85516e9a,1,57,185,,1,,1,4,,5,2,3,1,2,"1,2,4,5,6,7",Heartstopper; Killing Eve; I am not ok with this; Dear White People; The Sandman,Superstore; Feel Good,,Heartstopper,First Kill,Nimona,RuPaul's Drag Race,,4,2,4,3,4,4,4,3,3,3,5,4,4,4,4,4,5,4,4,4,4,4,5,4,4,5,5,5,4,4,5,4,5,4,5
2025/2/2 9:55,2025/2/2 9:58,0,92.40.188.161,100,190,1,2025/2/2 9:58,R_8KffqGlxjCPSh60,,,,,53.7981,-1.7623,anonymous,EN,5c322f84508b7a0001fcb70d,1,42,185,,2,,1,2,,5,2,7,1,2,"1,2,4,7",,,,,,,,,1,2,4,5,5,5,5,4,4,4,5,5,5,5,3,3,2,3,3,3,3,3,3,3,3,4,4,4,4,4,4,4,4,4,4
2025/2/2 9:51,2025/2/2 9:58,0,174.61.103.178,100,435,1,2025/2/2 9:58,R_5gpflP9wjMaOJdT,,,,,25.8502,-80.2367,anonymous,EN,64012bb7c64c7b9ca4479622,1,59,187,10,2,,1,3,,5,2,4,1,1,"1,2,3,4,5,6,7",,,,,,,,,4,2,5,5,4,4,4,4,4,4,4,4,4,4,6,5,6,6,6,6,6,6,6,6,6,6,6,6,6,6,6,6,6,6,6
2025/2/2 9:50,2025/2/2 9:59,0,86.165.74.207,100,516,1,2025/2/2 9:59,R_8GJsYrpMrY0VDtp,,,,,51.1593,-2.16,anonymous,EN,585fff1579a8220001c9b871,1,21,185,,1,,1,3,,2,2,4,1,1,"2,4,5,7",,brooklyn nine-nine,,heartstopper,killing eve,,I kissed a Girl/ I kissed a boy,,4,4,4,6,4,4,4,4,4,3,4,4,4,5,4,4,4,5,4,4,4,6,4,5,4,4,4,4,5,4,4,5,5,4,5
2025/2/2 9:52,2025/2/2 10:01,0,109.149.61.39,100,561,1,2025/2/2 10:01,R_22LnDBKTEM4b09p,,,,,55.9707,-4.0636,anonymous,EN,5f33ad82d929cc02d3db050e,1,33,185,,1,,1,2,,5,2,7,1,1,"1,2,4,6",,Superstore ,,,,,,,3,2,4,4,5,4,4,4,4,4,5,5,4,4,4,4,5,5,4,4,5,5,5,4,4,5,5,5,4,5,5,4,3,4,5
2025/2/2 9:59,2025/2/2 10:04,0,108.196.24.132,100,322,1,2025/2/2 10:04,R_6E3TGeVSnPPKWUE,,,,,41.3421,-88.8426,anonymous,EN,60121bd53c54f8245dd980ad,1,31,187,14,1,,1,3,,5,1,8,1,4,"1,2,3",,,,,,,,,3,3,3,4,5,4,4,4,4,5,3,4,3,4,4,4,4,4,4,4,4,5,5,5,5,5,5,4,4,5,5,4,4,5,5
2025/2/2 10:03,2025/2/2 10:07,0,47.233.15.119,100,252,1,2025/2/2 10:07,R_6qUV4bfZNX8Bqoi,,,,,38.4481,-91.0193,anonymous,EN,5f13958f0576a62394421a92,1,27,187,26,2,,1,2,,5,2,3,1,4,8,,,,,,,,I honestly don't remember the names I know Ive seen shows with them but it's been a while,1,1,1,1,1,4,5,1,1,1,5,5,5,5,1,1,1,1,1,1,1,4,4,4,1,4,4,1,1,1,1,1,1,1,1
2025/2/2 10:07,2025/2/2 10:10,0,82.37.21.19,100,189,1,2025/2/2 10:10,R_2qqcEWCC3nEetOh,,,,,55.867,-4.2621,anonymous,EN,5cefd79bc37f4f0018de98da,1,37,185,,3,,2,2,,5,2,7,1,2,2,,"Brooklyn nine nine, this flag means death, schitts creek",,,,,,,3,1,3,2,2,3,4,5,6,5,5,4,5,4,4,5,5,5,3,4,3,4,5,4,4,4,5,3,3,4,3,1,2,3,4
2025/2/2 10:01,2025/2/2 10:12,0,149.50.166.174,100,615,1,2025/2/2 10:12,R_8M9biIy51gITNG8,,,,,54.8609,-6.2819,anonymous,EN,66a8f364a2d06cde82ba98d7,1,35,185,,1,,1,2,,5,2,5,1,2,"1,2",,,,,,,,,3,3,3,3,4,3,4,4,4,4,5,3,4,4,4,4,4,4,5,4,4,4,5,5,5,5,5,5,3,5,5,4,4,4,5
2025/2/2 10:14,2025/2/2 10:24,0,207.230.114.102,100,624,1,2025/2/2 10:24,R_61uVWwxeN2aTjMl,,,,,37.751,-97.822,anonymous,EN,670702f2d0689bac081e5d5f,1,20,187,5,1,,2,2,,3,2,7,1,3,"2,4,7",,,,,,,,,3,4,1,4,5,3,5,6,4,5,3,3,1,4,4,6,5,5,6,3,5,6,4,6,6,4,6,6,1,3,2,1,6,5,6
2025/2/2 11:25,2025/2/2 11:29,0,68.54.3.230,100,245,1,2025/2/2 11:29,R_5PGGXnhPhMl3pNz,,,,,43.0573,-83.7498,anonymous,EN,5e15615161b48ab823187c7d,1,27,187,23,1,,1,2,,5,2,4,1,4,2,,bros,,,,,,,1,3,1,2,2,2,2,5,5,5,3,2,2,2,2,2,2,2,2,2,2,2,2,2,2,2,2,2,2,2,2,2,2,2,2
2025/2/2 11:25,2025/2/2 11:30,0,166.198.28.56,100,312,1,2025/2/2 11:30,R_1gu7p9vNf4ZVY1c,,,,,35.3274,-97.5556,anonymous,EN,6754d2de8959ecd9fb88c60a,1,36,187,4,2,,1,2,,5,2,4,1,4,"1,2,3,6",,,,,,,,,2,1,2,3,4,4,4,4,5,5,5,4,5,5,3,2,5,4,5,3,5,4,5,4,4,4,5,4,5,4,4,3,5,3,4
2025/2/2 11:29,2025/2/2 11:31,0,172.59.57.78,100,168,1,2025/2/2 11:31,R_6DoKFAkoX5bY5Gk,,,,,21.3513,-157.8725,anonymous,EN,65d50e47d53005860d6ebe54,1,26,187,12,1,,1,2,,2,2,3,1,3,"1,4",,,,,,,,,3,3,5,4,4,5,5,4,4,4,5,4,5,4,5,4,5,4,4,5,4,4,5,4,5,4,4,5,4,4,5,4,4,4,5
2025/2/2 11:25,2025/2/2 11:32,0,166.194.158.8,100,378,1,2025/2/2 11:32,R_3joxUVsMfypz5au,,,,,35.1796,-89.967,anonymous,EN,6752b6162b3b7cf8885c1939,1,19,187,25,3,,2,3,,3,2,4,1,2,"1,6,8",The L Word,,,,,First Kill,,Interview with the Vampire TV Show,4,5,3,5,5,6,5,3,4,6,6,6,5,5,6,6,6,6,6,6,6,5,6,6,6,6,4,6,5,4,5,5,5,4,6
2025/2/2 11:34,2025/2/2 11:40,0,172.56.201.220,100,400,1,2025/2/2 11:40,R_5gNIi0uRP6o2dYJ,,,,,47.6109,-122.3303,anonymous,EN,5e8ce50b7ab1a70a10c382ef,1,26,187,38,1,,1,3,,5,2,7,1,3,"4,5,6,8",,,,,,,,childrens shows,4,3,4,5,4,5,4,4,3,4,4,4,5,5,5,5,6,6,6,6,6,6,6,6,5,6,6,6,5,6,6,4,6,6,6
2025/2/2 11:26,2025/2/2 11:41,0,73.89.102.7,100,948,1,2025/2/2 11:41,R_1EodZe4y8P3I0sZ,,,,,42.481,-71.1563,anonymous,EN,667483073e4f8b3512ee7971,1,27,187,22,3,,1,3,,"1,5",2,4,1,3,"2,8",,It's Always Sunny in Philedelphia,,,,,,Cartoons and anime,1,1,5,1,2,1,1,6,6,6,2,1,1,3,1,1,1,1,1,1,1,1,1,1,1,1,1,2,1,1,1,1,1,4,1
2025/2/2 11:36,2025/2/2 11:43,0,143.229.110.9,100,413,1,2025/2/2 11:43,R_5y1wB8Bu6B0Hu6i,,,,,41.7623,-73.7439,anonymous,EN,65ce6a583b6917f0374ea532,1,19,187,5,1,,1,5,Questioning between asexual or bisexual,2,2,4,1,4,"1,5,6",House of Hummingbird,,,,Arcane,The Owl House,,,3,3,3,3,4,4,4,4,4,4,4,3,4,4,4,4,5,5,5,4,4,5,4,4,4,4,4,6,4,4,4,3,4,4,4
2025/2/2 11:42,2025/2/2 11:44,0,74.67.233.141,100,113,1,2025/2/2 11:44,R_6hsQmsJtlJzEVDH,,,,,44.8227,-68.8001,anonymous,EN,671e6d7861d7b730c2e1d194,1,33,187,20,1,,1,4,,"1,5",2,4,1,5,8,,,,,,,,doesnt matter who is queer or not queer to me,1,1,1,1,1,1,1,1,1,1,1,1,1,1,1,1,1,1,1,1,1,1,1,1,1,1,1,1,1,1,1,1,1,1,1
2025/2/2 11:41,2025/2/2 11:44,0,75.245.103.118,100,217,1,2025/2/2 11:44,R_5Sq9RPGLygyusox,,,,,40.2043,-88.4027,anonymous,EN,63d585dffec0ac32dbb9ce46,1,34,187,14,1,,1,2,,5,2,10,1,2,"1,2,7",,,,,,,,,4,3,4,4,4,4,3,4,4,4,5,3,3,4,3,3,3,4,4,3,4,5,5,4,4,4,4,5,4,5,5,5,6,4,5
2025/2/2 11:37,2025/2/2 11:46,0,174.215.16.137,100,523,1,2025/2/2 11:46,R_5H0lHJmI6EqV3q8,,,,,39.7391,-104.9866,anonymous,EN,665b7036c2815b2a785051f4,1,27,187,6,1,,1,3,,1,1,4,1,4,"1,2,4,7",The Miseducation of Cameron Post,I'm a Cheerleader,,The Handmaiden,,,The Ultimatum: Queen Love,,4,3,3,4,5,6,4,4,4,4,5,3,5,6,5,4,6,5,6,5,5,5,5,4,5,4,4,6,5,5,5,6,6,6,4
2025/2/2 11:43,2025/2/2 11:47,0,98.228.32.73,100,237,1,2025/2/2 11:47,R_15Y27e7r5dmqcjn,,,,,41.6106,-87.0642,anonymous,EN,667610590a062036fb381ccd,1,35,187,15,3,,2,2,,5,2,7,1,2,"1,2",Interview with The Vampire (tv series) ,The Great,,,,,,,4,3,5,4,4,4,3,5,5,5,4,4,5,4,4,4,5,6,6,4,4,6,6,6,6,6,6,6,6,6,5,4,3,4,4
2025/2/2 11:41,2025/2/2 11:47,0,136.49.70.38,100,341,1,2025/2/2 11:47,R_1fxv0vUhb1z5jUL,,,,,30.2424,-97.767,anonymous,EN,5d4a7036c068b4001d0beebe,1,39,187,45,1,,1,4,,5,2,7,1,1,"1,3,6,7",,,,,,,,,1,1,4,2,5,5,5,2,2,2,5,5,5,5,5,5,5,5,5,5,5,5,5,5,5,5,5,5,5,5,5,5,5,5,5
2025/2/2 11:48,2025/2/2 11:52,0,76.137.167.140,100,213,1,2025/2/2 11:52,R_6KxviGcsBrZULer,,,,,38.6975,-121.2714,anonymous,EN,5ec3884fa0c1ef0009b57549,1,27,187,5,1,,1,2,,"3,5",2,3,1,4,"2,4",,,,Love simon,,,,,1,1,2,2,2,1,2,5,5,6,2,1,1,2,1,1,2,2,1,2,2,2,2,2,2,3,3,2,2,1,2,2,3,2,2
2025/2/2 11:49,2025/2/2 11:54,0,172.82.98.61,100,297,1,2025/2/2 11:54,R_3KwrIXHYnFQiXGd,,,,,47.5388,-116.2374,anonymous,EN,5bf44e609a50810001a69f89,1,32,187,13,4,agender,1,1,,5,2,3,1,2,6,,,,,,Babylon 5,,,5,3,5,6,4,6,5,4,5,5,3,3,3,3,6,6,6,6,6,6,6,6,6,6,6,6,6,6,6,6,6,6,6,6,6
2025/2/2 11:50,2025/2/2 11:55,0,174.106.32.114,100,268,1,2025/2/2 11:55,R_6ZC5I459iVZuufw,,,,,34.2283,-77.9519,anonymous,EN,5f8e80aed57cfa2528fe2c9b,1,30,187,34,3,,2,5,Queer,5,2,4,1,3,"1,4,8",,,,,,,,Anime,4,3,3,2,4,3,3,4,4,6,4,3,4,3,2,4,6,5,4,4,4,3,4,4,2,6,6,6,5,6,6,6,6,3,4
2025/2/2 11:52,2025/2/2 11:55,0,172.56.82.31,100,175,1,2025/2/2 11:55,R_5fm5imIZM1ycyjz,,,,,33.5141,-112.1235,anonymous,EN,679281c9d9cef88dd57993ff,1,29,187,3,2,,1,2,,6,1,4,1,2,"5,8",,,,,Game of Thrones,,,Anime Demon Slayer,2,1,1,2,2,2,2,2,2,2,5,5,5,5,5,5,5,5,5,5,5,5,5,5,5,5,5,5,5,5,5,5,5,5,5
2025/2/2 11:52,2025/2/2 11:57,0,74.215.223.82,100,296,1,2025/2/2 11:57,R_178X10gfjCsvcf9,,,,,39.1638,-84.4517,anonymous,EN,60dbf6f5a1694ed71ee0fd7f,1,35,187,36,1,,1,4,,5,2,7,1,2,"1,2,3,6",,Bob's Burgers,,,,Shadow and Bone,,,3,3,3,4,5,4,5,3,4,4,4,4,4,4,4,3,4,3,5,4,4,5,4,5,4,6,5,4,4,4,5,4,3,5,5
2025/2/2 11:52,2025/2/2 11:59,0,172.59.144.134,100,423,1,2025/2/2 11:59,R_1QztRyZTq7uALJf,,,,,37.9186,-121.3132,anonymous,EN,667d1a4033cc883ce431eda5,1,34,187,5,1,,1,4,,5,1,6,1,2,"1,2,4,6",,,,,,,,,3,3,3,4,5,4,5,4,4,4,5,5,5,5,4,4,5,5,4,5,5,5,5,5,6,6,5,5,4,5,5,5,3,4,4
2025/2/2 11:55,2025/2/2 11:59,0,24.187.205.234,100,264,1,2025/2/2 11:59,R_7j9izRJUKqwl0AB,,,,,40.8018,-72.8675,anonymous,EN,65427e1d1b9b9e0bc0616e47,1,21,187,33,1,,1,2,,5,2,4,1,2,"1,2,3,6,7",,,,,,,,,3,5,4,4,2,5,4,6,6,6,2,1,1,2,4,4,3,2,2,2,2,4,4,4,4,5,5,5,2,4,4,1,1,1,5
2025/2/2 11:49,2025/2/2 12:02,0,174.60.182.72,100,741,1,2025/2/2 12:02,R_3dFiDdULzQehw5j,,,,,40.3404,-76.7882,anonymous,EN,5a2846ceb4a5de00011af418,1,43,187,39,1,,1,1,,"3,5",2,9,1,2,"1,2,7,8",Schitts creek,Love Victor,,,,,A wide range of reality shows,Sitcoms like Will and Grace,2,3,1,4,4,5,6,1,1,4,4,4,4,5,2,1,4,4,4,3,5,4,4,4,5,5,4,4,2,3,2,2,2,5,4
2025/2/2 11:47,2025/2/2 12:07,0,65.25.185.183,100,1207,1,2025/2/2 12:07,R_7cSKga43XeFQ4md,,,,,43.3214,-87.9495,anonymous,EN,5cf6231511ba980001e3aa3d,1,44,187,51,1,,1,2,,5,2,7,1,3,"1,2,4,6,7","Euphoria, The White Lotus, Yellowjackets, The Last of Us, I May Destroy You","Schitt’s Creek, Hacks, Broad City",,Heartstopper,,Interview With the Vampire,Queer Eye,,3,2,2,4,3,4,3,4,4,4,5,5,5,5,4,3,3,3,3,3,3,5,5,4,3,4,4,4,3,4,3,3,3,4,3
2025/2/2 12:08,2025/2/2 12:13,0,174.199.160.239,100,261,1,2025/2/2 12:13,R_1abNqI09ltKnJfO,,,,,33.3792,-86.6969,anonymous,EN,65dfc96e7508cdc692c77fa4,1,20,187,1,3,,2,2,,5,2,3,1,2,"5,6",,,,,Walking dead,"Firefly, Supernatural ",,,5,3,5,6,6,6,6,5,4,4,5,4,5,5,6,6,6,6,6,6,6,6,6,6,6,6,6,6,6,6,5,6,6,6,6
2025/2/2 12:07,2025/2/2 12:13,0,207.230.114.102,100,327,1,2025/2/2 12:13,R_3BbSiEnNDwkbhjt,,,,,37.751,-97.822,anonymous,EN,670702f2d0689bac081e5d5f,1,20,187,5,1,,2,2,,3,2,7,1,3,"2,4,7",,,,,,,,,3,3,4,5,6,4,6,6,5,6,6,5,5,6,6,5,6,6,4,5,6,6,5,6,1,6,6,6,4,6,5,6,5,6,6
2025/2/2 12:09,2025/2/2 12:17,0,172.56.208.134,100,437,1,2025/2/2 12:17,R_50mREf83Oo8mjLj,,,,,36.122,-115.086,anonymous,EN,6765d92a821a1d2a74e84991,1,45,187,29,1,,1,2,,"1,3",2,4,1,4,"1,2",,,,,,,,,1,1,3,5,6,6,5,5,5,5,5,4,5,4,2,1,1,1,1,1,5,3,4,3,1,1,1,1,1,1,1,1,1,1,1
2025/2/2 12:14,2025/2/2 12:17,0,174.196.130.192,100,191,1,2025/2/2 12:17,R_3DV99wGnN2OCrTe,,,,,38.8155,-77.1205,anonymous,EN,66310a8f45e394bf2e48907e,1,41,187,48,1,,1,2,,3,2,10,1,2,2,,,,,,,,,3,3,4,3,3,3,3,5,5,5,4,5,5,4,4,4,4,5,5,5,5,5,5,5,5,5,5,5,5,4,4,5,5,5,5
2025/2/2 12:17,2025/2/2 12:23,0,24.112.57.109,100,371,1,2025/2/2 12:23,R_7VGSWEeI7Zp0xTb,,,,,30.3214,-93.205,anonymous,EN,673df7a04f20dc2da1b6e297,1,28,187,19,1,,1,2,,5,2,4,1,2,"1,3,6",The Handmaids Tale,,True Crime,,,Dr. Who,,,4,1,2,4,5,5,5,5,5,5,4,3,4,4,4,2,2,2,2,5,5,5,5,5,4,4,3,3,2,4,4,4,4,4,4
2025/2/2 12:20,2025/2/2 12:23,0,69.243.161.249,100,188,1,2025/2/2 12:23,R_7G0uH2zYFljfasB,,,,,41.7697,-87.6985,anonymous,EN,672d7efea81892409cff5c84,1,24,187,14,3,,2,2,,5,1,8,1,2,"1,2,4,5,6,7",,,,,,,,,3,2,3,3,5,6,4,4,4,6,5,4,4,4,5,6,5,5,6,4,6,5,6,4,5,2,2,4,4,4,6,5,6,4,5
2025/2/2 12:25,2025/2/2 12:34,0,35.134.16.229,100,557,1,2025/2/2 12:34,R_5nTogV5qDy3asdB,,,,,42.2705,-71.8447,anonymous,EN,6646abc0720d1baaa7e0af4c,1,26,187,22,1,,1,1,,2,2,7,1,4,1,Revenge,,,,,,,,2,2,2,1,4,4,5,4,4,4,5,2,4,1,5,6,5,6,5,6,4,4,1,4,5,6,4,5,6,6,6,5,6,6,6
2025/2/2 12:37,2025/2/2 12:46,0,98.97.18.156,100,570,1,2025/2/2 12:46,R_7Cmn8HDb983yZC2,,,,,40.7126,-74.0066,anonymous,EN,627fcb5e4e39675ff8d66061,1,58,187,39,2,,1,2,,5,2,3,1,3,"2,6",,"Will & Grace, Beverly Hills Cop",,,,Star Trek,,,2,1,1,2,2,3,2,4,4,4,5,3,3,3,1,2,3,2,2,1,2,2,2,3,2,4,4,2,2,2,2,2,1,2,2
2025/2/2 12:23,2025/2/2 12:50,0,70.120.11.89,100,1643,1,2025/2/2 12:50,R_1hpM69walnpL14t,,,,,29.5882,-98.5183,anonymous,EN,653fe3c58f4df4e625de57e2,1,46,187,45,1,,1,2,,5,2,10,1,3,"1,2",Pose,Schitt's Creek,,,,,,,2,3,4,4,4,3,5,3,3,4,4,4,5,5,5,4,5,4,4,4,4,5,4,5,5,4,5,3,4,4,3,3,3,4,4
